player_id,player_name,projection_year,age,BB_pct_proj,K_pct_proj,HR_pct_proj,ISO_proj,wOBA_proj,BB_pct_prior,BB_pct_lgavg,K_pct_prior,K_pct_lgavg,HR_pct_prior,HR_pct_lgavg,ISO_prior,ISO_lgavg,wOBA_prior,wOBA_lgavg,BB_pct_actual,K_pct_actual,HR_pct_actual,ISO_actual,wOBA_actual
10008,김선빈,2021,32,0.0936158198817836,0.07792553825641652,0.007995996135916741,0.0847431484915924,0.33909538421176316,,0.1012556283632902,,0.1506021891130065,,0.030603653402643,,0.1693490866493392,,0.3700475894131859,0.0992907801418439,0.0691489361702127,0.0088652482269503,0.094,0.3450886524822695
10014,안치홍,2021,31,0.07938575369674983,0.11093420994730299,0.02867644204458753,0.16332249551622846,0.3619721581980209,0.0760869565217391,0.1012556283632902,0.1021739130434782,0.1506021891130065,0.017391304347826,0.030603653402643,0.127,0.1693490866493392,0.3359347826086957,0.3700475894131859,0.1061224489795918,0.1183673469387755,0.0204081632653061,0.152,0.3628775510204082
10035,이용규,2021,36,0.11329517754428285,0.09490273388612089,0.004802069557152867,0.0629193584071576,0.33848944087513744,0.1211498973305954,0.1012556283632902,0.0739219712525667,0.1506021891130065,0.002053388090349,0.030603653402643,0.051,0.1693490866493392,0.3281724845995893,0.3700475894131859,0.129798903107861,0.0840950639853747,0.0018281535648994,0.077,0.3414259597806215
10106,최정,2021,34,0.12134998918966698,0.19427058956211685,0.054534369013361304,0.25085509067588097,0.3932839995314632,0.1356238698010849,0.1012556283632902,0.1772151898734177,0.1506021891130065,0.0596745027124773,0.030603653402643,0.268,0.1693490866493392,0.4032911392405063,0.3700475894131859,0.1513513513513513,0.1837837837837838,0.063063063063063,0.284,0.4162702702702702
10165,양의지,2021,34,0.09316314958199833,0.10012068384092492,0.04834660304879641,0.2338738846000314,0.4240844049092203,0.0871212121212121,0.1012556283632902,0.0890151515151515,0.1506021891130065,0.0625,0.030603653402643,0.2749999999999999,0.1693490866493392,0.4294507575757575,0.3700475894131859,0.1210526315789473,0.1052631578947368,0.0526315789473684,0.2559999999999999,0.426578947368421
10170,최재훈,2021,32,0.12209485197692954,0.1379199567169187,0.009007594568741586,0.08082863617315864,0.34215183571288965,,0.1012556283632902,,0.1506021891130065,,0.030603653402643,,0.1693490866493392,,0.3700475894131859,0.1541755888650963,0.145610278372591,0.0149892933618843,0.1119999999999999,0.3564025695931477
10180,이원석,2021,38,0.08342459296308893,0.179328679951403,0.03978842308062275,0.19719137346745194,0.35138875303070255,,0.1012556283632902,,0.1506021891130065,,0.030603653402643,,0.1693490866493392,,0.3700475894131859,0.125,0.1666666666666666,0.01875,0.1149999999999999,0.3110625
10182,최주환,2021,33,0.09052492243073065,0.13319518801098124,0.026133689791209225,0.16825492622175306,0.36995691519093477,0.0818815331010452,0.1012556283632902,0.1149825783972125,0.1506021891130065,0.0278745644599303,0.030603653402643,0.1669999999999999,0.1693490866493392,0.3651742160278745,0.3700475894131859,0.1127659574468085,0.1787234042553191,0.0382978723404255,0.173,0.3478085106382979
10187,김현수,2021,33,0.10131416146681621,0.10035772417494562,0.026660215238146084,0.16614937049694056,0.3819260653383473,0.1017770597738287,0.1012556283632902,0.08562197092084,0.1506021891130065,0.0355411954765751,0.030603653402643,0.192,0.1693490866493392,0.3996445880452342,0.3700475894131859,0.1294117647058823,0.0705882352941176,0.0285714285714285,0.15,0.3588067226890756
10189,박건우,2021,31,0.08763502733847608,0.11641263327590701,0.02094768242007593,0.14447997886489994,0.3606600975641334,0.0762250453720508,0.1012556283632902,0.1179673321234119,0.1506021891130065,0.0254083484573502,0.030603653402643,0.1679999999999999,0.1693490866493392,0.3656624319419237,0.3700475894131859,0.0952380952380952,0.1371428571428571,0.0114285714285714,0.1159999999999999,0.3724380952380952
10232,강민호,2021,36,0.08872310085716172,0.20565287109534958,0.043017625808961985,0.1972159871760939,0.369281792106067,,0.1012556283632902,,0.1506021891130065,,0.030603653402643,,0.1693490866493392,,0.3700475894131859,0.0974025974025974,0.1147186147186147,0.0389610389610389,0.187,0.365995670995671
10235,장성우,2021,32,0.0883006998653863,0.1424230873209415,0.027246868903860834,0.1332613291162794,0.3247725075186374,0.0835164835164835,0.1012556283632902,0.1406593406593406,0.1506021891130065,0.0285714285714285,0.030603653402643,0.1349999999999999,0.1693490866493392,0.3234285714285714,0.3700475894131859,0.1304347826086956,0.15,0.0304347826086956,0.143,0.3144565217391304
10251,이대호,2021,39,0.07666644597063339,0.12701285434277942,0.03904186196178148,0.18813302437163512,0.36990805282992106,0.0867430441898527,0.1012556283632902,0.1112929623567921,0.1506021891130065,0.0327332242225859,0.030603653402643,0.16,0.1693490866493392,0.352291325695581,0.3700475894131859,0.0731182795698924,0.1075268817204301,0.0408602150537634,0.162,0.3463010752688172
10253,정훈,2021,34,0.11392614651169942,0.18086240972917772,0.022405792602875667,0.1334309399670915,0.3552808109499683,0.1176470588235294,0.1012556283632902,0.1785714285714285,0.1506021891130065,0.0231092436974789,0.030603653402643,0.132,0.1693490866493392,0.3581302521008403,0.3700475894131859,0.1212121212121212,0.1586452762923351,0.0249554367201426,0.146,0.3625490196078431
10261,손아섭,2021,33,0.10468920267442339,0.13456934057184977,0.02022211274046158,0.13566387242207653,0.37150968910706506,0.099836333878887,0.1012556283632902,0.0916530278232405,0.1506021891130065,0.0180032733224222,0.030603653402643,0.141,0.1693490866493392,0.3965302782324059,0.3700475894131859,0.1,0.1098360655737704,0.0049180327868852,0.078,0.351360655737705
10266,전준우,2021,35,0.08134128857432446,0.12992339171751352,0.03948786889234478,0.19410335315893315,0.37009170025691124,0.0828025477707006,0.1012556283632902,0.125796178343949,0.1506021891130065,0.0414012738853503,0.030603653402643,0.2029999999999999,0.1693490866493392,0.3606369426751592,0.3700475894131859,0.08562197092084,0.1147011308562197,0.011308562197092,0.121,0.3828756058158319
10344,최형우,2021,37,0.12187402091406936,0.15514778803968463,0.03859515799799086,0.2053672484842759,0.4099595012804589,0.1166666666666666,0.1012556283632902,0.1683333333333333,0.1506021891130065,0.0466666666666666,0.030603653402643,0.236,0.1693490866493392,0.4420333333333334,0.3700475894131859,0.1502242152466367,0.1502242152466367,0.0269058295964125,0.142,0.330695067264574
10400,오재일,2021,35,0.11299374393841899,0.19693340179757446,0.03679338366432769,0.1904825808324419,0.3737816957555996,0.1142322097378277,0.1012556283632902,0.1722846441947565,0.1506021891130065,0.0299625468164794,0.030603653402643,0.1699999999999999,0.1693490866493392,0.3828464419475655,0.3700475894131859,0.1198347107438016,0.2190082644628099,0.0516528925619834,0.227,0.3797107438016529
10407,황재균,2021,34,0.08775846455482587,0.17157366374747043,0.03578573018247747,0.19472747654042633,0.3693017221018221,0.0783333333333333,0.1012556283632902,0.1633333333333333,0.1506021891130065,0.035,0.030603653402643,0.2,0.1693490866493392,0.3813333333333333,0.3700475894131859,0.0907297830374753,0.1814595660749507,0.019723865877712,0.111,0.3373175542406312
10470,박병호,2021,35,0.13936543300029453,0.22138698142531932,0.06690074321144479,0.2958464158533367,0.43275966586409087,,0.1012556283632902,,0.1506021891130065,,0.030603653402643,,0.1693490866493392,,0.3700475894131859,0.0985324947589098,0.2955974842767295,0.0419287211740041,0.2029999999999999,0.3316981132075471
10475,오지환,2021,31,0.09512474721931999,0.2035319294449248,0.015902415145358072,0.12896467264536127,0.32908716994312937,0.0761421319796954,0.1012556283632902,0.1962774957698815,0.1506021891130065,0.0169204737732656,0.030603653402643,0.161,0.1693490866493392,0.3569204737732656,0.3700475894131859,0.1015037593984962,0.1541353383458646,0.0150375939849624,0.1019999999999999,0.3087218045112783
10643,김재환,2021,33,0.1263689854228602,0.22119202015755848,0.04194452557805192,0.20762069804233188,0.37716223050292436,0.1482084690553746,0.1012556283632902,0.250814332247557,0.1506021891130065,0.0488599348534201,0.030603653402643,0.2279999999999999,0.1693490866493392,0.3784201954397394,0.3700475894131859,0.1431095406360424,0.2243816254416961,0.0477031802120141,0.2269999999999999,0.3852650176678445
10815,한동민,2021,32,0.10369606047821274,0.20291776743049827,0.04250283407081313,0.20163855359095775,0.3696697936343451,,0.1012556283632902,,0.1506021891130065,,0.030603653402643,,0.1693490866493392,,0.3700475894131859,0.1156069364161849,0.1849710982658959,0.0597302504816955,0.256,0.3914258188824663
10855,서건창,2021,32,0.12452766699498127,0.10641628131542785,0.007472526076220815,0.0954559204737852,0.34342251849867295,0.1529411764705882,0.1012556283632902,0.0974789915966386,0.1506021891130065,0.0084033613445378,0.030603653402643,0.1089999999999999,0.1693490866493392,0.3462016806722688,0.3700475894131859,0.115,0.13,0.01,0.09,0.3127166666666666
10892,구자욱,2021,28,0.08328309835111701,0.18029370434628716,0.030826509694704834,0.17445684077971044,0.36559904970741064,0.1,0.1012556283632902,0.1784313725490196,0.1506021891130065,0.0294117647058823,0.030603653402643,0.1709999999999999,0.1693490866493392,0.3779411764705882,0.3700475894131859,0.0786885245901639,0.160655737704918,0.0360655737704918,0.213,0.3778688524590164
11162,나성범,2021,32,0.08345703951758475,0.22176686252268007,0.04434567703460001,0.22625860634109835,0.40530817971414707,0.0839041095890411,0.1012556283632902,0.2534246575342466,0.1506021891130065,0.0582191780821917,0.030603653402643,0.2719999999999999,0.1693490866493392,0.4250856164383562,0.3700475894131859,0.0609951845906902,0.2487961476725521,0.0529695024077046,0.2279999999999999,0.3663242375601926
11190,박해민,2021,31,0.0900746356167873,0.14334411501167071,0.013889508470226027,0.10723363318612181,0.3136258467567934,0.0720887245841035,0.1012556283632902,0.1423290203327172,0.1506021891130065,0.0203327171903881,0.030603653402643,0.125,0.1693490866493392,0.3313308687615526,0.3700475894131859,0.1273062730627306,0.1512915129151291,0.0092250922509225,0.086,0.3365129151291512
11212,배정대,2021,26,0.11087153652902153,0.21669297056770168,0.022506931620103338,0.13624230676691293,0.3530588866710403,0.1105691056910569,0.1012556283632902,0.2308943089430894,0.1506021891130065,0.0211382113821138,0.030603653402643,0.131,0.1693490866493392,0.3495934959349594,0.3700475894131859,0.1092436974789916,0.2218487394957983,0.0201680672268907,0.119,0.3276638655462185
11215,채은성,2021,31,0.06663356531351643,0.1460012167372452,0.029792523183241458,0.14885832347567976,0.35352771456346693,0.0689655172413793,0.1012556283632902,0.1487068965517241,0.1506021891130065,0.0323275862068965,0.030603653402643,0.159,0.1693490866493392,0.3517456896551724,0.3700475894131859,0.0848214285714285,0.1785714285714285,0.0357142857142857,0.176,0.356986607142857
11334,심우준,2021,26,0.07642551493818579,0.17698699601455684,0.009590709898638167,0.08135266186775804,0.27768596386409544,0.0691588785046729,0.1012556283632902,0.1831775700934579,0.1506021891130065,0.005607476635514,0.030603653402643,0.065,0.1693490866493392,0.2589719626168224,0.3700475894131859,0.0695652173913043,0.1413043478260869,0.0130434782608695,0.1029999999999999,0.3006304347826087
12546,홍창기,2021,28,0.14922471988745017,0.16873213011200286,0.013015179674552601,0.13834203366698195,0.36514761257191414,0.1637080867850098,0.1012556283632902,0.1715976331360946,0.1506021891130065,0.009861932938856,0.030603653402643,0.1379999999999999,0.1693490866493392,0.369585798816568,0.3700475894131859,0.1674347158218126,0.1459293394777265,0.0061443932411674,0.0799999999999999,0.3932258064516129
12905,김혜성,2021,22,0.08339121224862131,0.16099690164940217,0.016978898660992833,0.1300061866425594,0.34050934855410714,0.0831826401446654,0.1012556283632902,0.1699819168173598,0.1506021891130065,0.0126582278481012,0.030603653402643,0.114,0.1693490866493392,0.3282640144665461,0.3700475894131859,0.1023622047244094,0.152755905511811,0.0047244094488188,0.063,0.3311653543307087
12906,이정후,2021,23,0.08364699380662068,0.07968683561847235,0.021336544787889062,0.1621952976341756,0.3881488173264375,0.0956239870340356,0.1012556283632902,0.0761750405186385,0.1506021891130065,0.0243111831442463,0.030603653402643,0.191,0.1693490866493392,0.3972447325769854,0.3700475894131859,0.1139705882352941,0.0680147058823529,0.0128676470588235,0.162,0.4167279411764705
13137,정은원,2021,21,0.0781744694501394,0.15423496160840702,0.01710113868444475,0.12829700339571906,0.3195764477891388,,0.1012556283632902,,0.1506021891130065,,0.030603653402643,,0.1693490866493392,,0.3700475894131859,0.1726973684210526,0.1726973684210526,0.0098684210526315,0.101,0.3569736842105263
13145,한동희,2021,22,0.1034894825855194,0.17155271709098585,0.03308039246877184,0.16660737395172315,0.3584815722286113,0.1073446327683615,0.1012556283632902,0.1826741996233521,0.1506021891130065,0.032015065913371,0.030603653402643,0.1579999999999999,0.1693490866493392,0.3498681732580038,0.3700475894131859,0.1229838709677419,0.1915322580645161,0.034274193548387,0.176,0.3561895161290322
13168,강백호,2021,21,0.10683745126941512,0.17005808125150298,0.038417241188825196,0.2049033215834945,0.40417273414385224,0.1149825783972125,0.1012556283632902,0.1620209059233449,0.1506021891130065,0.0400696864111498,0.030603653402643,0.214,0.1693490866493392,0.4150348432055749,0.3700475894131859,0.164274322169059,0.1355661881977671,0.0255183413078149,0.174,0.4237161084529506
13927,페르난데스,2021,33,0.09660963489091687,0.08139876919903025,0.02399690921730106,0.13703529921220312,0.38186761765441646,0.0868263473053892,0.1012556283632902,0.0628742514970059,0.1506021891130065,0.0314371257485029,0.030603653402643,0.1569999999999999,0.1693490866493392,0.3935928143712575,0.3700475894131859,0.1053484602917342,0.0567260940032414,0.0243111831442463,0.128,0.3691085899513776
14224,터커,2021,31,0.12113166925820375,0.1120169876932571,0.04517779342430313,0.22525242741620544,0.39582279770609785,0.1204437400950871,0.1012556283632902,0.1061806656101426,0.1506021891130065,0.0507131537242472,0.030603653402643,0.251,0.1693490866493392,0.4129635499207607,0.3700475894131859,0.1131725417439703,0.1224489795918367,0.0166975881261595,0.1129999999999999,0.3105380333951762
14587,최지훈,2021,24,0.07727738852705322,0.1478294944715674,0.008789030988392649,0.09019738322170567,0.2984534461332795,0.073076923076923,0.1012556283632902,0.1538461538461538,0.1506021891130065,0.0019230769230769,0.030603653402643,0.068,0.1693490866493392,0.2859615384615384,0.3700475894131859,0.095505617977528,0.1329588014981273,0.0093632958801498,0.0999999999999999,0.3114044943820224
14599,알테어,2021,30,0.0862883538515544,0.2523717487552897,0.05168789309899968,0.24019634916634408,0.3761055110731385,0.0842490842490842,0.1012556283632902,0.2728937728937728,0.1506021891130065,0.0567765567765567,0.030603653402643,0.263,0.1693490866493392,0.3843589743589743,0.3700475894131859,0.1008849557522123,0.2761061946902655,0.0566371681415929,0.242,0.3786017699115044
14629,마차도,2021,29,0.09718964335175474,0.11467112004230695,0.02068299323224807,0.13231044238463205,0.3332095999183936,0.0964285714285714,0.1012556283632902,0.1071428571428571,0.1506021891130065,0.0214285714285714,0.030603653402643,0.1419999999999999,0.1693490866493392,0.3412321428571428,0.3700475894131859,0.1076066790352504,0.1205936920222634,0.0092764378478664,0.0819999999999999,0.3216326530612245
10008,김선빈,2022,33,0.10426848237107676,0.07779699309722163,0.005297109526524432,0.07596971261580757,0.3277811753735048,0.0992907801418439,0.1135173024422637,0.0691489361702127,0.1577510514277282,0.0088652482269503,0.0258983250940751,0.094,0.1479490149782336,0.3450886524822695,0.3550339408249096,0.110732538330494,0.080068143100511,0.0051107325383304,0.063,0.3246848381601362
10014,안치홍,2022,32,0.08991912227062746,0.11323820423092382,0.023205773593076556,0.15241007582304392,0.3585058107901143,0.1061224489795918,0.1135173024422637,0.1183673469387755,0.1577510514277282,0.0204081632653061,0.0258983250940751,0.152,0.1479490149782336,0.3628775510204082,0.3550339408249096,0.090747330960854,0.092526690391459,0.0249110320284697,0.152,0.3430249110320285
10106,최정,2022,35,0.13518176310119745,0.1753903567089835,0.053256209283195764,0.24525674880251416,0.39565446150533923,0.1513513513513513,0.1135173024422637,0.1837837837837838,0.1577510514277282,0.063063063063063,0.0258983250940751,0.284,0.1479490149782336,0.4162702702702702,0.3550339408249096,0.1306930693069307,0.1900990099009901,0.0514851485148514,0.239,0.3892277227722772
10165,양의지,2022,35,0.10651255377839144,0.10476862201510923,0.04912983825853706,0.235033903616266,0.4162377333251822,0.1210526315789473,0.1135173024422637,0.1052631578947368,0.1577510514277282,0.0526315789473684,0.0258983250940751,0.2559999999999999,0.1479490149782336,0.426578947368421,0.3550339408249096,0.1176470588235294,0.0941176470588235,0.0392156862745098,0.197,0.3760196078431372
10184,허경민,2022,32,0.07039580976590362,0.07579706568614523,0.012162977195451462,0.1029618870865997,0.3415844701970441,,0.1135173024422637,,0.1577510514277282,,0.0258983250940751,,0.1479490149782336,,0.3550339408249096,0.0730223123732251,0.0811359026369168,0.0162271805273833,0.109,0.3367748478701826
10187,김현수,2022,34,0.10979716017315798,0.09290963903628022,0.026215346734485112,0.15397420914457585,0.36537734500995117,0.1294117647058823,0.1135173024422637,0.0705882352941176,0.1577510514277282,0.0285714285714285,0.0258983250940751,0.15,0.1479490149782336,0.3588067226890756,0.3550339408249096,0.1175496688741721,0.1026490066225165,0.0380794701986755,0.187,0.372317880794702
10189,박건우,2022,32,0.09641653429406154,0.1258131716425887,0.016851628071041392,0.13387703807985593,0.3635100359481237,0.0952380952380952,0.1135173024422637,0.1371428571428571,0.1577510514277282,0.0114285714285714,0.0258983250940751,0.1159999999999999,0.1479490149782336,0.3724380952380952,0.3550339408249096,0.0950323974082073,0.1339092872570194,0.0215982721382289,0.122,0.3838444924406048
10195,정수빈,2022,32,0.10677800326979511,0.11280374908068629,0.005432611327282423,0.08279189090113998,0.3206314587510344,,0.1135173024422637,,0.1577510514277282,,0.0258983250940751,,0.1479490149782336,,0.3550339408249096,0.0857142857142857,0.123076923076923,0.0065934065934065,0.072,0.2905274725274725
10251,이대호,2022,40,0.07606903417066146,0.12261051707381285,0.0354960495990562,0.16495871269340368,0.34986877699299695,0.0731182795698924,0.1135173024422637,0.1075268817204301,0.1577510514277282,0.0408602150537634,0.0258983250940751,0.162,0.1479490149782336,0.3463010752688172,0.3550339408249096,0.0727580372250423,0.0947546531302876,0.038917089678511,0.1709999999999999,0.3840778341793571
10261,손아섭,2022,34,0.0980903261932745,0.1270128375543467,0.011542283332768168,0.10421043631272678,0.35767620806900374,0.1,0.1135173024422637,0.1098360655737704,0.1577510514277282,0.0049180327868852,0.0258983250940751,0.078,0.1479490149782336,0.351360655737705,0.3550339408249096,0.0956239870340356,0.1231766612641815,0.006482982171799,0.0899999999999999,0.3191734197730956
10266,전준우,2022,36,0.08463089370461557,0.1309912077937438,0.027218729345107204,0.16103288565699936,0.3658248709921759,0.08562197092084,0.1135173024422637,0.1147011308562197,0.1577510514277282,0.011308562197092,0.0258983250940751,0.121,0.1479490149782336,0.3828756058158319,0.3550339408249096,0.0676982591876208,0.1411992263056092,0.0212765957446808,0.141,0.3470019342359768
10344,최형우,2022,38,0.13041106773314112,0.16120529695243646,0.03476302169587888,0.1886913426551345,0.38196040362184613,0.1502242152466367,0.1135173024422637,0.1502242152466367,0.1577510514277282,0.0269058295964125,0.0258983250940751,0.142,0.1479490149782336,0.330695067264574,0.3550339408249096,0.1377358490566037,0.1735849056603773,0.0264150943396226,0.1569999999999999,0.3506037735849056
10387,박동원,2022,32,0.11254317400334296,0.22374844938095756,0.040730146924987935,0.1928562020738862,0.34352401109480685,0.1101871101871102,0.1135173024422637,0.237006237006237,0.1577510514277282,0.0457380457380457,0.0258983250940751,0.211,0.1479490149782336,0.349022869022869,0.3550339408249096,0.1006711409395973,0.2125279642058165,0.0402684563758389,0.194,0.3357046979865772
10400,오재일,2022,36,0.11388632964854795,0.2014347945090297,0.03997336266080399,0.19665022605004956,0.37397485477661363,0.1198347107438016,0.1135173024422637,0.2190082644628099,0.1577510514277282,0.0516528925619834,0.0258983250940751,0.227,0.1479490149782336,0.3797107438016529,0.3550339408249096,0.1063432835820895,0.2481343283582089,0.0391791044776119,0.2229999999999999,0.3624626865671642
10407,황재균,2022,35,0.09170898222001331,0.16752080297104735,0.027101323260262843,0.1480465976533764,0.3494785852016683,0.0907297830374753,0.1135173024422637,0.1814595660749507,0.1577510514277282,0.019723865877712,0.0258983250940751,0.111,0.1479490149782336,0.3373175542406312,0.3550339408249096,0.0912220309810671,0.1703958691910499,0.0172117039586919,0.118,0.3184165232358003
10470,박병호,2022,36,0.12379521243806237,0.2561682500557174,0.05724250378619146,0.26061185957380584,0.39179220395059083,0.0985324947589098,0.1135173024422637,0.2955974842767295,0.1577510514277282,0.0419287211740041,0.0258983250940751,0.2029999999999999,0.1479490149782336,0.3316981132075471,0.3550339408249096,0.082135523613963,0.2689938398357289,0.0718685831622176,0.284,0.3902874743326489
10475,오지환,2022,32,0.09706156114735423,0.17952474561534293,0.015129964776327342,0.12174502422593741,0.3226368718415468,0.1015037593984962,0.1135173024422637,0.1541353383458646,0.1577510514277282,0.0150375939849624,0.0258983250940751,0.1019999999999999,0.1479490149782336,0.3087218045112783,0.3550339408249096,0.1089630931458699,0.18804920913884,0.0439367311072056,0.2009999999999999,0.3610544815465729
10643,김재환,2022,34,0.1336961051831683,0.2279245279861918,0.039413269973960684,0.19874287196785737,0.3678834099223806,0.1431095406360424,0.1135173024422637,0.2243816254416961,0.1577510514277282,0.0477031802120141,0.0258983250940751,0.2269999999999999,0.1479490149782336,0.3852650176678445,0.3550339408249096,0.1179883945841392,0.2572533849129594,0.0444874274661508,0.212,0.3509477756286266
10753,유강남,2022,30,0.06734145047099138,0.17334413351774802,0.0341183388014398,0.16416514271808,0.3382969259410489,,0.1135173024422637,,0.1577510514277282,,0.0258983250940751,,0.1479490149782336,,0.3550339408249096,0.0724946695095948,0.208955223880597,0.0170575692963752,0.0959999999999999,0.3016631130063966
10815,한유섬,2022,33,0.11347764652367798,0.19672370799235595,0.04503323405952541,0.20917283099507983,0.3715430455662894,0.1156069364161849,0.1135173024422637,0.1849710982658959,0.1577510514277282,0.0597302504816955,0.0258983250940751,0.256,0.1479490149782336,0.3914258188824663,0.3550339408249096,0.1211009174311926,0.2513761467889908,0.0385321100917431,0.2139999999999999,0.3732660550458715
11137,박민우,2022,29,0.07488749936013528,0.09628632281113861,0.0086407827858342,0.10119567590851367,0.35793254248379497,,0.1135173024422637,,0.1577510514277282,,0.0258983250940751,,0.1479490149782336,,0.3550339408249096,0.0931263858093126,0.1219512195121951,0.0088691796008869,0.0919999999999999,0.3163414634146342
11162,나성범,2022,33,0.07966228287657852,0.23574581437631165,0.044725432470707344,0.21480560662971396,0.3805094599953921,0.0609951845906902,0.1135173024422637,0.2487961476725521,0.1577510514277282,0.0529695024077046,0.0258983250940751,0.2279999999999999,0.1479490149782336,0.3663242375601926,0.3550339408249096,0.098613251155624,0.2110939907550077,0.0323574730354391,0.188,0.3979815100154084
11165,노진혁,2022,33,0.1085151344719793,0.20999049999703653,0.03464947229867519,0.18225082147062413,0.3540390244025689,,0.1135173024422637,,0.1577510514277282,,0.0258983250940751,,0.1479490149782336,,0.3550339408249096,0.0997782705099778,0.2328159645232816,0.0332594235033259,0.175,0.3515521064301552
11190,박해민,2022,32,0.10471533803435441,0.1467865137362706,0.012138974217292601,0.09602161694792372,0.31832548461025423,0.1273062730627306,0.1135173024422637,0.1512915129151291,0.1577510514277282,0.0092250922509225,0.0258983250940751,0.086,0.1479490149782336,0.3365129151291512,0.3550339408249096,0.0691823899371069,0.1336477987421383,0.0047169811320754,0.079,0.3156603773584906
11212,배정대,2022,27,0.11217363814340149,0.2199982995688403,0.02082005446941993,0.11985241511843728,0.33475183458503316,0.1092436974789916,0.1135173024422637,0.2218487394957983,0.1577510514277282,0.0201680672268907,0.0258983250940751,0.119,0.1479490149782336,0.3276638655462185,0.3550339408249096,0.0939130434782608,0.2191304347826086,0.0104347826086956,0.0899999999999999,0.3097913043478261
11213,양석환,2022,31,0.08441316782332887,0.2135856809242659,0.03734567060404495,0.17841332171127586,0.3374657047232666,0.0769230769230769,0.1135173024422637,0.2490842490842491,0.1577510514277282,0.0512820512820512,0.0258983250940751,0.2169999999999999,0.1479490149782336,0.3591025641025641,0.3550339408249096,0.0717488789237668,0.226457399103139,0.0448430493273542,0.188,0.3261883408071749
11215,채은성,2022,32,0.07521485893986689,0.15673138597651037,0.02938646108547878,0.14792469980602022,0.34671316265414825,0.0848214285714285,0.1135173024422637,0.1785714285714285,0.1577510514277282,0.0357142857142857,0.0258983250940751,0.176,0.1479490149782336,0.356986607142857,0.3550339408249096,0.0513307984790874,0.1673003802281368,0.0228136882129277,0.141,0.3468250950570342
11261,박찬호,2022,49,0.10481294673655156,0.15973255472955558,0.007089732673404569,0.08806507097886608,0.3004993942561011,0.1118012422360248,0.1135173024422637,0.1511387163561076,0.1577510514277282,0.0020703933747412,0.0258983250940751,0.067,0.1479490149782336,0.2887991718426501,0.3550339408249096,0.1007067137809187,0.1183745583038869,0.0070671378091872,0.069,0.3047879858657244
11334,심우준,2022,27,0.07584439287113538,0.1607388472500407,0.011067108646939149,0.08552985112359518,0.28509216075519184,0.0695652173913043,0.1135173024422637,0.1413043478260869,0.1577510514277282,0.0130434782608695,0.0258983250940751,0.1029999999999999,0.1479490149782336,0.3006304347826087,0.3550339408249096,0.0957683741648107,0.1670378619153674,0.0089086859688195,0.062,0.2744320712694877
12546,홍창기,2022,29,0.16041119211313937,0.15759184657906772,0.007349895506110839,0.09578332973467599,0.3670537711506635,0.1674347158218126,0.1135173024422637,0.1459293394777265,0.1577510514277282,0.0061443932411674,0.0258983250940751,0.0799999999999999,0.1479490149782336,0.3932258064516129,0.3550339408249096,0.1123809523809523,0.1428571428571428,0.0019047619047619,0.069,0.3371238095238095
12905,김혜성,2022,23,0.09427148613223879,0.15355142604818312,0.014060671928906261,0.1025985764736084,0.3366329091912931,0.1023622047244094,0.1135173024422637,0.152755905511811,0.1577510514277282,0.0047244094488188,0.0258983250940751,0.063,0.1479490149782336,0.3311653543307087,0.3550339408249096,0.0830388692579505,0.146643109540636,0.0070671378091872,0.085,0.3448409893992933
12906,이정후,2022,24,0.09794399608486642,0.07104420965609201,0.018676797447620484,0.1652812395500387,0.3930959627089797,0.1139705882352941,0.1135173024422637,0.0680147058823529,0.1577510514277282,0.0128676470588235,0.0258983250940751,0.162,0.1479490149782336,0.4167279411764705,0.3550339408249096,0.1052631578947368,0.0510366826156299,0.036682615629984,0.2259999999999999,0.4301754385964912
12922,박성한,2022,24,0.10509021187174113,0.14998372806746102,0.013464242595134917,0.10157797120625633,0.3363025308690072,0.1040339702760085,0.1135173024422637,0.1549893842887473,0.1577510514277282,0.0084925690021231,0.0258983250940751,0.086,0.1479490149782336,0.3345010615711252,0.3550339408249096,0.1063829787234042,0.1436170212765957,0.0035460992907801,0.076,0.333563829787234
12943,조용호,2022,34,0.12855485863144217,0.17675527263895413,0.0024035765123012736,0.05086069027202447,0.3292641617611372,,0.1135173024422637,,0.1577510514277282,,0.0258983250940751,,0.1479490149782336,,0.3550339408249096,0.0922787193973634,0.1393596986817326,0.0056497175141242,0.074,0.3376647834274953
13137,정은원,2022,22,0.1256031169540498,0.16111865174556048,0.01397490004598858,0.11685108488690558,0.3404951792726011,0.1726973684210526,0.1135173024422637,0.1726973684210526,0.1577510514277282,0.0098684210526315,0.0258983250940751,0.101,0.1479490149782336,0.3569736842105263,0.3550339408249096,0.1414309484193011,0.1813643926788685,0.0133111480865224,0.0939999999999999,0.3358069883527455
13145,한동희,2022,23,0.11421119557391562,0.17796848161764875,0.03653920841930938,0.17657214225833734,0.35775173029158525,0.1229838709677419,0.1135173024422637,0.1915322580645161,0.1577510514277282,0.034274193548387,0.0258983250940751,0.176,0.1479490149782336,0.3561895161290322,0.3550339408249096,0.0661322645290581,0.1282565130260521,0.0280561122244488,0.151,0.3584969939879759
14125,노시환,2022,22,0.14882936280581358,0.21511522641692238,0.03834591838267051,0.19377082828797096,0.37750822262599426,0.1593886462882096,0.1135173024422637,0.2336244541484716,0.1577510514277282,0.0393013100436681,0.0258983250940751,0.195,0.1479490149782336,0.3757860262008733,0.3550339408249096,0.0979591836734693,0.1938775510204081,0.0122448979591836,0.1009999999999999,0.3299795918367347
14587,최지훈,2022,25,0.09221075738933,0.13903498702868744,0.009335634672942359,0.09194681603291827,0.30371877888091536,0.095505617977528,0.1135173024422637,0.1329588014981273,0.1577510514277282,0.0093632958801498,0.0258983250940751,0.0999999999999999,0.1479490149782336,0.3114044943820224,0.3550339408249096,0.0734375,0.1203125,0.015625,0.123,0.34159375
14757,피렐라,2022,33,0.10066736177013763,0.14705151230163574,0.03912048702573402,0.18473200162434775,0.3614788368374731,0.0917874396135265,0.1135173024422637,0.143317230273752,0.1577510514277282,0.0466988727858293,0.0258983250940751,0.209,0.1479490149782336,0.3732045088566828,0.3550339408249096,0.0873015873015873,0.1285714285714285,0.0444444444444444,0.2229999999999999,0.4235079365079365
14888,추신수,2022,40,0.1595389013865065,0.2104184688346523,0.035481006927640654,0.18703778576228286,0.3791901659252451,0.1775862068965517,0.1135173024422637,0.2120689655172414,0.1577510514277282,0.0362068965517241,0.0258983250940751,0.186,0.1479490149782336,0.3834137931034482,0.3550339408249096,0.1422845691382765,0.2004008016032064,0.032064128256513,0.1709999999999999,0.3614829659318637
10008,김선빈,2023,34,0.10167412924087299,0.08478668074738659,0.006125065754071008,0.0775028981951953,0.3275252963623354,0.110732538330494,0.0948610696145802,0.080068143100511,0.1579025993426949,0.0051107325383304,0.023640573648043,0.063,0.1412339408425455,0.3246848381601362,0.345403346280251,0.080338266384778,0.054968287526427,0.0,0.0379999999999999,0.3280338266384778
10014,안치홍,2023,33,0.09766062350959459,0.10913575168269293,0.017617911087683798,0.1314028763495691,0.33902107483106503,0.090747330960854,0.0948610696145802,0.092526690391459,0.1579025993426949,0.0249110320284697,0.023640573648043,0.152,0.1412339408425455,0.3430249110320285,0.345403346280251,0.0991902834008097,0.1072874493927125,0.0161943319838056,0.108,0.3428744939271255
10106,최정,2023,36,0.13530662243718003,0.19160335027281472,0.05450336019423886,0.2509550082781503,0.3933038712335715,0.1306930693069307,0.0948610696145802,0.1900990099009901,0.1579025993426949,0.0514851485148514,0.023640573648043,0.239,0.1412339408425455,0.3892277227722772,0.345403346280251,0.1068840579710145,0.1576086956521739,0.0525362318840579,0.251,0.4039492753623188
10165,양의지,2023,36,0.10982076699111076,0.11032651857033603,0.04724048523715889,0.22784557191680155,0.39742609903096804,0.1176470588235294,0.0948610696145802,0.0941176470588235,0.1579025993426949,0.0392156862745098,0.023640573648043,0.197,0.1412339408425455,0.3760196078431372,0.345403346280251,0.1117647058823529,0.1098039215686274,0.0333333333333333,0.1689999999999999,0.3839607843137255
10182,최주환,2023,35,0.09610510536033474,0.15412897222198305,0.03293974208228043,0.1761914394318226,0.36119776215799637,,0.0948610696145802,,0.1579025993426949,,0.023640573648043,,0.1412339408425455,,0.345403346280251,0.0920502092050209,0.1966527196652719,0.0418410041841004,0.197,0.325439330543933
10184,허경민,2023,33,0.07730504368018011,0.07788917108844157,0.010130844544853093,0.09186410690863825,0.3321385020707651,0.0730223123732251,0.0948610696145802,0.0811359026369168,0.1579025993426949,0.0162271805273833,0.023640573648043,0.109,0.1412339408425455,0.3367748478701826,0.345403346280251,0.0736842105263157,0.0547368421052631,0.0147368421052631,0.1069999999999999,0.313178947368421
10187,김현수,2023,35,0.11607476710340887,0.0962522278576407,0.03110047389479404,0.16319032142126313,0.36424634952093743,0.1175496688741721,0.0948610696145802,0.1026490066225165,0.1579025993426949,0.0380794701986755,0.023640573648043,0.187,0.1412339408425455,0.372317880794702,0.345403346280251,0.1043165467625899,0.0953237410071942,0.0107913669064748,0.09,0.3328956834532374
10189,박건우,2023,33,0.09599253228062185,0.13442585254821646,0.015434051132115396,0.11827292075096171,0.3644688487369681,0.0950323974082073,0.0948610696145802,0.1339092872570194,0.1579025993426949,0.0215982721382289,0.023640573648043,0.122,0.1412339408425455,0.3838444924406048,0.345403346280251,0.1050656660412758,0.1332082551594746,0.0225140712945591,0.1609999999999999,0.3826641651031895
10195,정수빈,2023,33,0.10141101607839972,0.11867760544806397,0.0030595866444282664,0.07006200133949833,0.3043953337845729,0.0857142857142857,0.0948610696145802,0.123076923076923,0.1579025993426949,0.0065934065934065,0.023640573648043,0.072,0.1412339408425455,0.2905274725274725,0.345403346280251,0.1097770154373928,0.1080617495711835,0.0034305317324185,0.084,0.3297427101200685
10232,강민호,2023,38,0.07459544592128646,0.17227425176759117,0.04184113343602295,0.19350005827319194,0.3593041717607197,,0.0948610696145802,,0.1579025993426949,,0.023640573648043,,0.1412339408425455,,0.345403346280251,0.0989898989898989,0.1313131313131313,0.0323232323232323,0.155,0.3572727272727272
10235,장성우,2023,34,0.10714693273523883,0.15407250894445074,0.02704127017741708,0.13479973477274693,0.31636844417772136,,0.0948610696145802,,0.1579025993426949,,0.023640573648043,,0.1412339408425455,,0.345403346280251,0.0905172413793103,0.1508620689655172,0.0237068965517241,0.134,0.3385991379310345
10261,손아섭,2023,35,0.0981738700655291,0.11757917563316393,0.007661189600137315,0.09207593754752776,0.3408346503370604,0.0956239870340356,0.0948610696145802,0.1231766612641815,0.1579025993426949,0.006482982171799,0.023640573648043,0.0899999999999999,0.1412339408425455,0.3191734197730956,0.345403346280251,0.0821018062397372,0.1100164203612479,0.0082101806239737,0.1039999999999999,0.3682922824302134
10266,전준우,2023,37,0.07595787243104464,0.1339796898395892,0.022449615744095038,0.14542868003070536,0.35519708881648,0.0676982591876208,0.0948610696145802,0.1411992263056092,0.1579025993426949,0.0212765957446808,0.023640573648043,0.141,0.1412339408425455,0.3470019342359768,0.345403346280251,0.0930232558139534,0.1162790697674418,0.0304114490161001,0.1589999999999999,0.3733810375670841
10320,김상수,2023,36,0.10463017660721073,0.13253139878319578,0.01114835997202062,0.09547080025509307,0.33692455600292964,,0.0948610696145802,,0.1579025993426949,,0.023640573648043,,0.1412339408425455,,0.345403346280251,0.107421875,0.1328125,0.005859375,0.068,0.30955078125
10344,최형우,2023,39,0.1260787442855811,0.1714461797302577,0.03202422522841433,0.17680388726503923,0.36570951387805756,0.1377358490566037,0.0948610696145802,0.1735849056603773,0.1579025993426949,0.0264150943396226,0.023640573648043,0.1569999999999999,0.1412339408425455,0.3506037735849056,0.345403346280251,0.1279527559055118,0.1633858267716535,0.0334645669291338,0.185,0.389507874015748
10387,박동원,2023,33,0.10912196615602208,0.21803930634444887,0.03667472146235162,0.18140113864317353,0.33334474431870287,0.1006711409395973,0.0948610696145802,0.2125279642058165,0.1579025993426949,0.0402684563758389,0.023640573648043,0.194,0.1412339408425455,0.3357046979865772,0.345403346280251,0.1018711018711018,0.1871101871101871,0.0415800415800415,0.194,0.3347609147609148
10407,황재균,2023,36,0.08833926914079838,0.1801290303029291,0.022352154303373093,0.13571013169556312,0.33681374399274183,0.0912220309810671,0.0948610696145802,0.1703958691910499,0.1579025993426949,0.0172117039586919,0.023640573648043,0.118,0.1412339408425455,0.3184165232358003,0.345403346280251,0.0984682713347921,0.1400437636761488,0.0131291028446389,0.118,0.3439168490153173
10470,박병호,2023,37,0.1001668447623582,0.26026244092065864,0.056020027423396346,0.24322001225027173,0.36790649910689766,0.082135523613963,0.0948610696145802,0.2689938398357289,0.1579025993426949,0.0718685831622176,0.023640573648043,0.284,0.1412339408425455,0.3902874743326489,0.345403346280251,0.0933062880324543,0.2312373225152129,0.0365111561866125,0.16,0.3520486815415822
10475,오지환,2023,33,0.10324544924238561,0.17846728524348654,0.023163073620539636,0.1426887150926478,0.3341425759172345,0.1089630931458699,0.0948610696145802,0.18804920913884,0.1579025993426949,0.0439367311072056,0.023640573648043,0.2009999999999999,0.1412339408425455,0.3610544815465729,0.345403346280251,0.1274900398406374,0.1633466135458167,0.0159362549800796,0.128,0.341593625498008
10643,김재환,2023,35,0.1311451230986835,0.24090596692747918,0.04250355595253661,0.2047268404286116,0.3592765658581158,0.1179883945841392,0.0948610696145802,0.2572533849129594,0.1579025993426949,0.0444874274661508,0.023640573648043,0.212,0.1412339408425455,0.3509477756286266,0.345403346280251,0.1487603305785124,0.2066115702479339,0.0206611570247933,0.111,0.3105165289256198
10892,구자욱,2023,30,0.08421504463938781,0.16746479155984245,0.030625926611958107,0.17913924710186307,0.36002400751026664,,0.0948610696145802,,0.1579025993426949,,0.023640573648043,,0.1412339408425455,,0.345403346280251,0.1029126213592233,0.1572815533980582,0.0213592233009708,0.1579999999999999,0.3938446601941748
10894,류지혁,2023,29,0.11355395858353608,0.1715130073907788,0.0051796727623611505,0.06937132665044629,0.3117763663381766,0.1174004192872117,0.0948610696145802,0.1740041928721174,0.1579025993426949,0.0041928721174004,0.023640573648043,0.0719999999999999,0.1412339408425455,0.320440251572327,0.345403346280251,0.0881226053639846,0.1398467432950191,0.003831417624521,0.0419999999999999,0.2911302681992337
11087,강승호,2023,29,0.06544341784180091,0.19757225418842214,0.01876858058877065,0.12176127130754294,0.301043912861062,0.0595482546201232,0.0948610696145802,0.2053388090349076,0.1579025993426949,0.0205338809034907,0.023640573648043,0.135,0.1412339408425455,0.3075359342915811,0.345403346280251,0.0588235294117647,0.2396514161220043,0.0152505446623093,0.122,0.3081263616557734
11137,박민우,2023,30,0.08121047891137256,0.10460808701258895,0.009657160254458886,0.10005321244741515,0.3450236475370575,0.0931263858093126,0.0948610696145802,0.1219512195121951,0.1579025993426949,0.0088691796008869,0.023640573648043,0.0919999999999999,0.1412339408425455,0.3163414634146342,0.345403346280251,0.0785854616895874,0.111984282907662,0.0039292730844793,0.089,0.3467190569744597
11190,박해민,2023,33,0.09496191230676562,0.14427688150485005,0.0071048715557518,0.08263697928024083,0.31935276912204347,0.0691823899371069,0.0948610696145802,0.1336477987421383,0.1579025993426949,0.0047169811320754,0.023640573648043,0.079,0.1412339408425455,0.3156603773584906,0.345403346280251,0.0806451612903225,0.1326164874551971,0.010752688172043,0.074,0.3047849462365591
11213,양석환,2023,32,0.07808280507655524,0.21912114133367394,0.03966193098524181,0.181112409686285,0.3323763949007374,0.0717488789237668,0.0948610696145802,0.226457399103139,0.1579025993426949,0.0448430493273542,0.023640573648043,0.188,0.1412339408425455,0.3261883408071749,0.345403346280251,0.070446735395189,0.2285223367697594,0.0360824742268041,0.173,0.3427663230240549
11215,채은성,2023,33,0.0743502650380583,0.16704380624509013,0.024951485551976262,0.14191611597110373,0.34231167804007057,0.0513307984790874,0.0948610696145802,0.1673003802281368,0.1579025993426949,0.0228136882129277,0.023640573648043,0.141,0.1412339408425455,0.3468250950570342,0.345403346280251,0.087248322147651,0.1711409395973154,0.0385906040268456,0.1649999999999999,0.3464765100671141
11261,박찬호,2023,50,0.09727896390590528,0.14295374520117446,0.007767082439838391,0.08298818591386949,0.30309160546045744,0.1007067137809187,0.0948610696145802,0.1183745583038869,0.1579025993426949,0.0070671378091872,0.023640573648043,0.069,0.1412339408425455,0.3047879858657244,0.345403346280251,0.0788954635108481,0.1104536489151873,0.0059171597633136,0.077,0.3224260355029585
12546,홍창기,2023,30,0.1389299229980265,0.15164545341752872,0.006065517934445069,0.08691078309700297,0.35665588885363997,0.1123809523809523,0.0948610696145802,0.1428571428571428,0.1579025993426949,0.0019047619047619,0.023640573648043,0.069,0.1412339408425455,0.3371238095238095,0.345403346280251,0.1368584758942457,0.1290824261275272,0.0015552099533437,0.0799999999999999,0.3847433903576983
12905,김혜성,2023,24,0.08940697640643326,0.14930713480646018,0.010980374584078422,0.09449482563901374,0.3352233092645413,0.0830388692579505,0.0948610696145802,0.146643109540636,0.1579025993426949,0.0070671378091872,0.023640573648043,0.085,0.1412339408425455,0.3448409893992933,0.345403346280251,0.0917874396135265,0.1239935587761674,0.0112721417069243,0.1109999999999999,0.3718196457326891
12922,박성한,2023,25,0.10812600602892272,0.14483084662771578,0.00882411849191537,0.08646291357327926,0.33317374195389915,0.1063829787234042,0.0948610696145802,0.1436170212765957,0.1579025993426949,0.0035460992907801,0.023640573648043,0.076,0.1412339408425455,0.333563829787234,0.345403346280251,0.109640831758034,0.10586011342155,0.0170132325141776,0.0999999999999999,0.3165028355387523
13137,정은원,2023,23,0.13097418662374619,0.16577865341877268,0.016967509841465223,0.11460318036898834,0.3397353645780783,0.1414309484193011,0.0948610696145802,0.1813643926788685,0.1579025993426949,0.0133111480865224,0.023640573648043,0.0939999999999999,0.1412339408425455,0.3358069883527455,0.345403346280251,0.1350762527233115,0.1590413943355119,0.0043572984749455,0.046,0.2798692810457516
14125,노시환,2023,23,0.12062180603192425,0.1994917291253602,0.02822269516820567,0.1532202903932387,0.3540344617903044,0.0979591836734693,0.0948610696145802,0.1938775510204081,0.1579025993426949,0.0122448979591836,0.023640573648043,0.1009999999999999,0.1412339408425455,0.3299795918367347,0.345403346280251,0.1243697478991596,0.1983193277310924,0.0521008403361344,0.243,0.4029411764705882
14137,문보경,2023,23,0.09829189601354717,0.11994315697202618,0.024057978369061084,0.1474785910450311,0.363071806194951,0.1008583690987124,0.0948610696145802,0.1201716738197424,0.1579025993426949,0.01931330472103,0.023640573648043,0.136,0.1412339408425455,0.3616094420600859,0.345403346280251,0.1070110701107011,0.1531365313653136,0.018450184501845,0.147,0.3574169741697417
14587,최지훈,2023,26,0.08369541842215111,0.13415842994472565,0.010958286630915096,0.1035157018089872,0.3198529189920622,0.0734375,0.0948610696145802,0.1203125,0.1579025993426949,0.015625,0.023640573648043,0.123,0.1412339408425455,0.34159375,0.345403346280251,0.0576540755467196,0.099403578528827,0.003976143141153,0.0889999999999999,0.2942544731610337
14757,피렐라,2023,34,0.088911469813484,0.14443677451404016,0.04127035496345356,0.20426018436104804,0.3906460476565936,0.0873015873015873,0.0948610696145802,0.1285714285714285,0.1579025993426949,0.0444444444444444,0.023640573648043,0.2229999999999999,0.1412339408425455,0.4235079365079365,0.345403346280251,0.0694214876033057,0.1140495867768595,0.0264462809917355,0.14,0.3373553719008264
14888,추신수,2023,41,0.14429408120607443,0.20821875023997355,0.033870350728140555,0.18140162459022066,0.3691587702605897,0.1422845691382765,0.0948610696145802,0.2004008016032064,0.1579025993426949,0.032064128256513,0.023640573648043,0.1709999999999999,0.1412339408425455,0.3614829659318637,0.345403346280251,0.1406926406926407,0.170995670995671,0.0259740259740259,0.144,0.3511904761904761
14996,소크라테스,2023,31,0.07091491192392793,0.14654997465076833,0.0273438562687038,0.1639448533838279,0.35446064970001384,0.0613718411552346,0.0948610696145802,0.1462093862815884,0.1579025993426949,0.0306859205776173,0.023640573648043,0.183,0.1412339408425455,0.3682310469314079,0.345403346280251,0.0855263157894736,0.131578947368421,0.0328947368421052,0.178,0.3513322368421053
10008,김선빈,2024,35,0.09562221073923487,0.07636291299576715,0.002904094701056714,0.05580816176074983,0.32395652437199074,0.080338266384778,0.0967729557576455,0.054968287526427,0.1486128698054564,0.0,0.0207589885269176,0.0379999999999999,0.1299754038601742,0.3280338266384778,0.3424741951575151,0.0643776824034334,0.0836909871244635,0.01931330472103,0.118,0.3597424892703863
10014,안치홍,2024,34,0.09704970876103872,0.11556918907324562,0.018239764002807787,0.12853285264239903,0.34264689236801327,0.0991902834008097,0.0967729557576455,0.1072874493927125,0.1486128698054564,0.0161943319838056,0.0207589885269176,0.108,0.1299754038601742,0.3428744939271255,0.3424741951575151,0.0919324577861163,0.1313320825515947,0.024390243902439,0.127,0.3531332082551595
10106,최정,2024,37,0.12077807979583915,0.17607802438581624,0.051552300383856775,0.24166903697542658,0.39158428059672695,0.1068840579710145,0.0967729557576455,0.1576086956521739,0.1486128698054564,0.0525362318840579,0.0207589885269176,0.251,0.1299754038601742,0.4039492753623188,0.3424741951575151,0.1,0.2072727272727272,0.0672727272727272,0.303,0.4179636363636363
10165,양의지,2024,37,0.11166555762918423,0.1101641718695458,0.03800889706908623,0.19083943185846347,0.3822275353929736,0.1117647058823529,0.0967729557576455,0.1098039215686274,0.1486128698054564,0.0333333333333333,0.0207589885269176,0.1689999999999999,0.1299754038601742,0.3839607843137255,0.3424741951575151,0.0824742268041237,0.1154639175257732,0.0350515463917525,0.1649999999999999,0.376020618556701
10184,허경민,2024,34,0.07392340034123858,0.07788641162803744,0.013626397706616498,0.10528258041922627,0.32875999589427635,0.0736842105263157,0.0967729557576455,0.0547368421052631,0.1486128698054564,0.0147368421052631,0.0207589885269176,0.1069999999999999,0.1299754038601742,0.313178947368421,0.3424741951575151,0.0754716981132075,0.0524109014675052,0.0146750524109014,0.118,0.3599999999999999
10187,김현수,2024,36,0.1135143814507182,0.10501457411676834,0.023817699388349586,0.13589858227459434,0.3476954485782383,0.1043165467625899,0.0967729557576455,0.0953237410071942,0.1486128698054564,0.0107913669064748,0.0207589885269176,0.09,0.1299754038601742,0.3328956834532374,0.3424741951575151,0.0806174957118353,0.1303602058319039,0.0137221269296741,0.124,0.3413550600343053
10195,정수빈,2024,34,0.0977834269810461,0.12105436724985161,0.005075374786863184,0.0823222707858087,0.3152434371597152,0.1097770154373928,0.0967729557576455,0.1080617495711835,0.1486128698054564,0.0034305317324185,0.0207589885269176,0.084,0.1299754038601742,0.3297427101200685,0.3424741951575151,0.1167763157894736,0.1184210526315789,0.006578947368421,0.077,0.3281743421052631
10232,강민호,2024,39,0.08226158642212984,0.15118681236815049,0.03764653652988052,0.17793227048889265,0.3564458620933858,0.0989898989898989,0.0967729557576455,0.1313131313131313,0.1486128698054564,0.0323232323232323,0.0207589885269176,0.155,0.1299754038601742,0.3572727272727272,0.3424741951575151,0.077433628318584,0.1150442477876106,0.0420353982300885,0.193,0.3748451327433628
10235,장성우,2024,35,0.10195122703586319,0.15112047293322897,0.02432379185655102,0.12668791436532564,0.31990171106872006,0.0905172413793103,0.0967729557576455,0.1508620689655172,0.1486128698054564,0.0237068965517241,0.0207589885269176,0.134,0.1299754038601742,0.3385991379310345,0.3424741951575151,0.1226993865030674,0.1758691206543967,0.0388548057259713,0.182,0.3517586912065439
10266,전준우,2024,38,0.07656323155908853,0.13359843617065217,0.023457065967360906,0.14988407504385243,0.36559250916122116,0.0930232558139534,0.0967729557576455,0.1162790697674418,0.1486128698054564,0.0304114490161001,0.0207589885269176,0.1589999999999999,0.1299754038601742,0.3733810375670841,0.3424741951575151,0.1014492753623188,0.1739130434782608,0.0351966873706004,0.192,0.3720082815734989
10344,최형우,2024,40,0.12635944469410343,0.16981436197178384,0.02979985421396235,0.1696154279515487,0.3608682855541269,0.1279527559055118,0.0967729557576455,0.1633858267716535,0.1486128698054564,0.0334645669291338,0.0207589885269176,0.185,0.1299754038601742,0.389507874015748,0.3424741951575151,0.1067761806981519,0.1765913757700205,0.0451745379876796,0.2189999999999999,0.3741478439425052
10387,박동원,2024,34,0.10206196184032798,0.21037938474042,0.038531251211480225,0.1880214336965744,0.3340950690668223,0.1018711018711018,0.0967729557576455,0.1871101871101871,0.1486128698054564,0.0415800415800415,0.0207589885269176,0.194,0.1299754038601742,0.3347609147609148,0.3424741951575151,0.110441767068273,0.2248995983935743,0.0401606425702811,0.189,0.3524698795180723
10643,김재환,2024,36,0.1338600556452185,0.23064817137553656,0.033980786851893624,0.1693743492833667,0.33863670550098646,0.1487603305785124,0.0967729557576455,0.2066115702479339,0.1486128698054564,0.0206611570247933,0.0207589885269176,0.111,0.1299754038601742,0.3105165289256198,0.3424741951575151,0.1141304347826086,0.3043478260869565,0.0525362318840579,0.242,0.3854710144927536
10892,구자욱,2024,31,0.09823940635491489,0.1608873398191814,0.02553407062652948,0.1636815204093029,0.37132255887039584,0.1029126213592233,0.0967729557576455,0.1572815533980582,0.1486128698054564,0.0213592233009708,0.0207589885269176,0.1579999999999999,0.1299754038601742,0.3938446601941748,0.3424741951575151,0.0968309859154929,0.1285211267605633,0.0580985915492957,0.284,0.4445070422535211
11087,강승호,2024,30,0.0621574932080441,0.21673089456212002,0.01723661774395626,0.12095882735820188,0.3055469179038237,0.0588235294117647,0.0967729557576455,0.2396514161220043,0.1486128698054564,0.0152505446623093,0.0207589885269176,0.122,0.1299754038601742,0.3081263616557734,0.3424741951575151,0.0565371024734982,0.2791519434628975,0.0318021201413427,0.1959999999999999,0.3478268551236749
11137,박민우,2024,31,0.08593904576514798,0.11137829449430398,0.007192618160957876,0.09058666222250927,0.33529329210195363,0.0785854616895874,0.0967729557576455,0.111984282907662,0.1486128698054564,0.0039292730844793,0.0207589885269176,0.089,0.1299754038601742,0.3467190569744597,0.3424741951575151,0.1022727272727272,0.1496212121212121,0.0151515151515151,0.118,0.3754924242424243
11190,박해민,2024,34,0.08818397234399772,0.14550077767977934,0.007370239911107284,0.07784923698795648,0.3135439305900406,0.0806451612903225,0.0967729557576455,0.1326164874551971,0.1486128698054564,0.010752688172043,0.0207589885269176,0.074,0.1299754038601742,0.3047849462365591,0.3424741951575151,0.0831826401446654,0.1826401446654611,0.0108499095840868,0.0959999999999999,0.3081555153707052
11213,양석환,2024,33,0.07964491019977887,0.2276560140452352,0.036987728031706725,0.1703588993431436,0.3327512535382438,0.070446735395189,0.0967729557576455,0.2285223367697594,0.1486128698054564,0.0360824742268041,0.0207589885269176,0.173,0.1299754038601742,0.3427663230240549,0.3424741951575151,0.0826306913996627,0.2158516020236087,0.057335581787521,0.242,0.348752107925801
11215,채은성,2024,34,0.07545531749904338,0.17691171148164467,0.029719077341449976,0.15256364360888003,0.34384040747074046,0.087248322147651,0.0967729557576455,0.1711409395973154,0.1486128698054564,0.0385906040268456,0.0207589885269176,0.1649999999999999,0.1299754038601742,0.3464765100671141,0.3424741951575151,0.0983935742971887,0.1666666666666666,0.0401606425702811,0.192,0.3572489959839357
11261,박찬호,2024,51,0.08730937153530927,0.13274893015592623,0.007563546189909808,0.08385789747921119,0.311396917536748,0.0788954635108481,0.0967729557576455,0.1104536489151873,0.1486128698054564,0.0059171597633136,0.0207589885269176,0.077,0.1299754038601742,0.3224260355029585,0.3424741951575151,0.0831889081455806,0.0762564991334488,0.0086655112651646,0.079,0.3299133448873483
11376,송성문,2024,28,0.07458032296788614,0.11563342279548061,0.021150394981953872,0.12008551737563594,0.30020349373233196,,0.0967729557576455,,0.1486128698054564,,0.0207589885269176,,0.1299754038601742,,0.3424741951575151,0.1063122923588039,0.1362126245847176,0.0315614617940199,0.178,0.4029235880398671
12534,최원준,2024,29,0.09220367560407812,0.10988933487180946,0.0061862648703797495,0.07162924670243123,0.3212726883747168,,0.0967729557576455,,0.1486128698054564,,0.0207589885269176,,0.1299754038601742,,0.3424741951575151,0.0984251968503937,0.1299212598425196,0.0177165354330708,0.128,0.3464566929133859
12546,홍창기,2024,31,0.13715746025225525,0.13710970312424967,0.002072934698684599,0.068524372584784,0.3588317923112447,0.1368584758942457,0.0967729557576455,0.1290824261275272,0.1486128698054564,0.0015552099533437,0.0207589885269176,0.0799999999999999,0.1299754038601742,0.3847433903576983,0.3424741951575151,0.1507064364207221,0.1459968602825745,0.0078492935635792,0.0739999999999999,0.38712715855573
12905,김혜성,2024,25,0.09576993061279516,0.13473839498156467,0.010477030105149368,0.09328508765464154,0.3498934283352041,0.0917874396135265,0.0967729557576455,0.1239935587761674,0.1486128698054564,0.0112721417069243,0.0207589885269176,0.1109999999999999,0.1299754038601742,0.3718196457326891,0.3424741951575151,0.0828924162257495,0.109347442680776,0.019400352733686,0.132,0.3688888888888889
12922,박성한,2024,26,0.10821098796742311,0.13143327824067183,0.0109918403682899,0.09057689527568034,0.3279676441687916,0.109640831758034,0.0967729557576455,0.10586011342155,0.1486128698054564,0.0170132325141776,0.0207589885269176,0.0999999999999999,0.1299754038601742,0.3165028355387523,0.3424741951575151,0.1134751773049645,0.1524822695035461,0.0177304964539007,0.1099999999999999,0.3504432624113475
13168,강백호,2024,24,0.13329050800635925,0.14770587024326085,0.03171536539820752,0.18455606036639557,0.40750491117210325,,0.0967729557576455,,0.1486128698054564,,0.0207589885269176,,0.1299754038601742,,0.3424741951575151,0.0960912052117263,0.2068403908794788,0.0423452768729641,0.191,0.3682410423452768
14125,노시환,2024,24,0.12161800461549842,0.19571281278564395,0.03649298469892698,0.1846089513136257,0.3678768609993276,0.1243697478991596,0.0967729557576455,0.1983193277310924,0.1486128698054564,0.0521008403361344,0.0207589885269176,0.243,0.1299754038601742,0.4029411764705882,0.3424741951575151,0.0998336106489184,0.2146422628951747,0.0399334442595673,0.182,0.3572212978369384
14137,문보경,2024,24,0.10297055709959016,0.13405556456357545,0.02107212914555625,0.1460301091108004,0.35591511413864346,0.1070110701107011,0.0967729557576455,0.1531365313653136,0.1486128698054564,0.018450184501845,0.0207589885269176,0.147,0.1299754038601742,0.3574169741697417,0.3424741951575151,0.1079734219269103,0.1860465116279069,0.0365448504983388,0.206,0.3774750830564784
14587,최지훈,2024,27,0.07627741474710073,0.1184792388325898,0.00979832147221463,0.09832098423805993,0.31208762279631824,0.0576540755467196,0.0967729557576455,0.099403578528827,0.1486128698054564,0.003976143141153,0.0207589885269176,0.0889999999999999,0.1299754038601742,0.2942544731610337,0.3424741951575151,0.0920810313075506,0.1307550644567219,0.0202578268876611,0.1429999999999999,0.3334990791896869
14765,김주원,2024,22,0.09066080732995027,0.20526853891232938,0.022342883181444603,0.11756762382156483,0.3116703478557413,0.0928270042194092,0.0967729557576455,0.2236286919831223,0.1486128698054564,0.0210970464135021,0.0207589885269176,0.107,0.1299754038601742,0.2991561181434599,0.3424741951575151,0.1073684210526315,0.2336842105263158,0.0189473684210526,0.127,0.3341263157894737
14996,소크라테스,2024,32,0.07881783418792704,0.1392453627188015,0.02911561644143544,0.16760171854860725,0.35067113588577575,0.0855263157894736,0.0967729557576455,0.131578947368421,0.1486128698054564,0.0328947368421052,0.0207589885269176,0.178,0.1299754038601742,0.3513322368421053,0.3424741951575151,0.0681063122923588,0.1511627906976744,0.0431893687707641,0.206,0.3794186046511628
15034,이재현,2024,25,0.10051121994561663,0.15782041255857093,0.0233022525474739,0.1289933665281775,0.3105173028342276,0.0966542750929368,0.0967729557576455,0.1654275092936803,0.1486128698054564,0.0223048327137546,0.0207589885269176,0.129,0.1299754038601742,0.3064312267657992,0.3424741951575151,0.1266375545851528,0.1812227074235808,0.0305676855895196,0.1589999999999999,0.3497379912663755
15530,에레디아,2024,33,0.08353479319353144,0.14558927166902697,0.018493054563100016,0.12263876526656081,0.35922431694151236,0.0745697896749522,0.0967729557576455,0.1434034416826003,0.1486128698054564,0.022944550669216,0.0207589885269176,0.138,0.1299754038601742,0.373040152963671,0.3424741951575151,0.0473773265651438,0.1235194585448392,0.0355329949238578,0.178,0.4063451776649746
15532,오스틴,2024,33,0.09712393456373912,0.13331072857490678,0.03222532798640793,0.17754589832433224,0.37076982313587975,0.0909090909090909,0.0967729557576455,0.1286449399656946,0.1486128698054564,0.039451114922813,0.0207589885269176,0.204,0.1299754038601742,0.3869125214408234,0.3424741951575151,0.1009933774834437,0.1357615894039735,0.0529801324503311,0.2539999999999999,0.4086754966887417
