player_id,player_name,season,team,G,PA,AB,R,H,2B,3B,HR,RBI,BB,SO,HP,IB,SB,CS,AVG,OBP,SLG,OPS,WAR,oWAR,dWAR,wRC+,R_per_PA,BB_pct,K_pct,HR_pct,ISO,1B,wOBA,PA_next,BB_pct_next,K_pct_next,HR_pct_next,ISO_next,wOBA_next,OBP_next,SLG_next,wRC+_next,WAR_next,oWAR_next
10008,김선빈,2017,17 SS,137,529,476,84,176,34,1,5,64,39,40,5,4,4,4,0.37,0.42,0.477,0.897,5.49,5.41,0.07,136.0,0.181,0.07372400756143667,0.07561436672967864,0.00945179584120983,0.10699999999999998,136,0.3910207939508507,492,0.0975609756097561,0.08536585365853659,0.008130081300813009,0.07800000000000001,0.3325406504065041,0.374,0.373,93.9,1.75,2.46
10008,김선빈,2018,18 SS,127,492,424,73,125,17,2,4,49,48,42,9,1,4,1,0.295,0.374,0.373,0.747,1.75,2.46,-0.71,93.9,0.132,0.0975609756097561,0.08536585365853659,0.008130081300813009,0.07800000000000001,102,0.3325406504065041,447,0.09619686800894854,0.058165548098434,0.006711409395973154,0.07900000000000001,0.32378076062639827,0.36,0.371,104.5,2.85,2.92
10008,김선빈,2021,21 2B,130,564,501,55,154,32,0,5,67,56,39,1,2,0,0,0.307,0.375,0.401,0.776,3.04,3.51,-0.47,115.0,0.141,0.09929078014184398,0.06914893617021277,0.008865248226950355,0.09400000000000003,117,0.3450886524822695,587,0.11073253833049404,0.08006814310051108,0.005110732538330494,0.063,0.32468483816013627,0.373,0.35,109.9,3.22,3.47
10008,김선빈,2022,22 2B,140,587,505,51,145,23,0,3,61,65,47,6,0,13,2,0.287,0.373,0.35,0.723,3.22,3.47,-0.25,109.9,0.127,0.11073253833049404,0.08006814310051108,0.005110732538330494,0.063,119,0.32468483816013627,473,0.080338266384778,0.05496828752642706,0.0,0.03799999999999998,0.3280338266384778,0.381,0.358,114.9,2.71,2.92
10008,김선빈,2023,23 2B,119,473,419,41,134,16,0,0,48,38,26,5,0,3,1,0.32,0.381,0.358,0.739,2.71,2.92,-0.21,114.9,0.132,0.080338266384778,0.05496828752642706,0.0,0.03799999999999998,118,0.3280338266384778,466,0.06437768240343347,0.08369098712446352,0.019313304721030045,0.118,0.3597424892703863,0.38,0.447,117.4,2.46,3.06
10014,안치홍,2017,17 2B,132,545,487,95,154,29,2,21,93,43,70,4,1,7,0,0.316,0.373,0.513,0.886,4.27,4.63,-0.36,125.9,0.167,0.07889908256880734,0.12844036697247707,0.03853211009174312,0.197,102,0.38073394495412843,549,0.06557377049180328,0.10382513661202186,0.04189435336976321,0.22099999999999992,0.4106557377049181,0.392,0.563,135.9,4.82,5.01
10014,안치홍,2020,20 2B,124,460,412,49,118,28,0,8,54,35,47,7,2,14,3,0.286,0.351,0.413,0.764,1.53,2.09,-0.55,98.2,0.134,0.07608695652173914,0.10217391304347827,0.017391304347826087,0.127,82,0.3359347826086957,490,0.10612244897959183,0.11836734693877551,0.02040816326530612,0.15200000000000002,0.3628775510204082,0.379,0.458,122.3,3.01,3.62
10014,안치홍,2021,21 2B,119,490,421,58,129,30,2,10,82,52,58,3,2,3,6,0.306,0.379,0.458,0.837,3.01,3.62,-0.61,122.3,0.156,0.10612244897959183,0.11836734693877551,0.02040816326530612,0.15200000000000002,87,0.3628775510204082,562,0.09074733096085409,0.09252669039145907,0.02491103202846975,0.15200000000000002,0.3430249110320285,0.354,0.436,117.9,3.18,3.78
10014,안치홍,2022,22 2B,132,562,493,71,140,27,3,14,58,51,52,5,4,7,2,0.284,0.354,0.436,0.79,3.18,3.78,-0.6,117.9,0.141,0.09074733096085409,0.09252669039145907,0.02491103202846975,0.15200000000000002,96,0.3430249110320285,494,0.09919028340080972,0.10728744939271255,0.016194331983805668,0.10800000000000004,0.3428744939271255,0.374,0.4,117.5,2.38,2.84
10014,안치홍,2023,23 2B,121,494,425,57,124,20,1,8,63,49,53,10,3,3,3,0.292,0.374,0.4,0.774,2.38,2.84,-0.46,117.5,0.142,0.09919028340080972,0.10728744939271255,0.016194331983805668,0.10800000000000004,95,0.3428744939271255,533,0.09193245778611632,0.13133208255159476,0.024390243902439025,0.127,0.35313320825515954,0.37,0.427,107.9,1.38,1.69
10030,나지완,2016,16 LF,118,486,380,84,117,21,2,25,90,85,90,17,1,6,3,0.308,0.451,0.571,1.022,4.22,4.42,-0.2,159.6,0.222,0.1748971193415638,0.18518518518518517,0.051440329218107,0.26299999999999996,69,0.4417901234567902,551,0.11252268602540835,0.19056261343012704,0.04900181488203267,0.23300000000000004,0.40765880217785844,0.405,0.534,139.7,3.32,3.57
10035,이용규,2020,20 CF,120,487,419,60,120,14,2,1,32,59,36,6,0,17,8,0.286,0.381,0.337,0.718,1.26,1.91,-0.65,102.2,0.13,0.12114989733059549,0.07392197125256673,0.002053388090349076,0.051000000000000045,103,0.3281724845995893,547,0.12979890310786105,0.08409506398537477,0.0018281535648994515,0.07700000000000001,0.34142595978062157,0.392,0.373,119.5,3.42,3.1
10082,이재원,2018,18 C,130,471,407,63,134,24,0,17,57,43,65,12,0,0,0,0.329,0.405,0.514,0.919,3.72,4.07,-0.35,126.8,0.183,0.09129511677282377,0.13800424628450106,0.036093418259023353,0.185,93,0.3975796178343949,502,0.06772908366533864,0.11752988047808766,0.02390438247011952,0.122,0.31747011952191234,0.327,0.39,93.9,2.58,2.62
10106,최정,2016,16 3B,141,606,500,106,144,24,1,40,106,77,126,23,2,1,2,0.288,0.403,0.58,0.983,5.89,5.55,0.34,141.2,0.2,0.12706270627062707,0.2079207920792079,0.066006600660066,0.292,79,0.42260726072607263,527,0.13282732447817835,0.2030360531309298,0.0872865275142315,0.36800000000000005,0.4672675521821632,0.427,0.684,169.6,6.58,6.03
10106,최정,2017,17 3B,130,527,430,89,136,18,1,46,113,70,107,19,10,1,5,0.316,0.427,0.684,1.111,6.58,6.03,0.55,169.6,0.232,0.13282732447817835,0.2030360531309298,0.0872865275142315,0.36800000000000005,71,0.4672675521821632,489,0.11860940695296524,0.26380368098159507,0.07157464212678936,0.30300000000000005,0.3964212678936605,0.368,0.547,122.0,3.37,2.97
10106,최정,2018,18 3B,115,489,406,95,99,16,1,35,74,58,129,23,2,9,2,0.244,0.368,0.547,0.915,3.37,2.97,0.4,122.0,0.177,0.11860940695296524,0.26380368098159507,0.07157464212678936,0.30300000000000005,47,0.3964212678936605,606,0.11386138613861387,0.15181518151815182,0.04785478547854786,0.22700000000000004,0.4001815181518152,0.399,0.519,154.4,5.98,6.25
10106,최정,2019,19 3B,141,606,503,86,147,27,0,29,99,69,92,26,6,3,2,0.292,0.399,0.519,0.918,5.98,6.25,-0.27,154.4,0.186,0.11386138613861387,0.15181518151815182,0.04785478547854786,0.22700000000000004,91,0.4001815181518152,553,0.13562386980108498,0.17721518987341772,0.059674502712477394,0.268,0.4032911392405063,0.392,0.538,141.3,4.9,4.73
10106,최정,2020,20 3B,133,553,452,90,122,22,0,33,96,75,98,20,1,8,3,0.27,0.392,0.538,0.93,4.9,4.73,0.17,141.3,0.189,0.13562386980108498,0.17721518987341772,0.059674502712477394,0.268,67,0.4032911392405063,555,0.15135135135135136,0.1837837837837838,0.06306306306306306,0.28400000000000003,0.41627027027027025,0.41,0.562,161.3,6.51,6.21
10106,최정,2021,21 3B,134,555,436,92,121,17,1,35,100,84,102,22,3,8,6,0.278,0.41,0.562,0.972,6.51,6.21,0.3,161.3,0.204,0.15135135135135136,0.1837837837837838,0.06306306306306306,0.28400000000000003,68,0.41627027027027025,505,0.1306930693069307,0.1900990099009901,0.05148514851485148,0.239,0.3892277227722772,0.386,0.505,150.4,5.47,5.3
10106,최정,2022,22 3B,121,505,414,80,110,21,0,26,87,66,96,19,3,12,5,0.266,0.386,0.505,0.891,5.47,5.3,0.17,150.4,0.181,0.1306930693069307,0.1900990099009901,0.05148514851485148,0.239,63,0.3892277227722772,552,0.1068840579710145,0.15760869565217392,0.05253623188405797,0.25100000000000006,0.40394927536231884,0.388,0.548,157.6,5.42,5.68
10106,최정,2023,23 3B,128,552,471,94,140,31,0,29,87,59,87,15,6,7,3,0.297,0.388,0.548,0.936,5.42,5.68,-0.26,157.6,0.189,0.1068840579710145,0.15760869565217392,0.05253623188405797,0.25100000000000006,80,0.40394927536231884,550,0.1,0.20727272727272728,0.06727272727272728,0.303,0.41796363636363637,0.384,0.594,145.9,4.7,4.79
10119,이명기,2017,17 RF,115,512,464,79,154,24,4,9,63,28,57,3,0,8,7,0.332,0.371,0.459,0.83,2.83,2.34,0.49,112.6,0.149,0.0546875,0.111328125,0.017578125,0.127,117,0.35443359375,502,0.0796812749003984,0.12749003984063745,0.00796812749003984,0.11599999999999999,0.33818725099601593,0.363,0.418,98.4,1.84,1.28
10119,이명기,2018,18 RF,120,502,447,88,135,28,6,4,42,40,64,3,3,12,5,0.302,0.363,0.418,0.781,1.84,1.28,0.56,98.4,0.137,0.0796812749003984,0.12749003984063745,0.00796812749003984,0.11599999999999999,97,0.33818725099601593,547,0.08775137111517367,0.1206581352833638,0.003656307129798903,0.06,0.3170932358318099,0.359,0.353,98.5,2.48,1.79
10119,이명기,2019,19 RF,139,547,484,62,142,17,3,2,36,48,66,4,2,14,4,0.293,0.359,0.353,0.712,2.48,1.79,0.69,98.5,0.118,0.08775137111517367,0.1206581352833638,0.003656307129798903,0.06,120,0.3170932358318099,540,0.09259259259259259,0.14444444444444443,0.003703703703703704,0.063,0.33105555555555555,0.374,0.369,97.4,1.51,1.58
10165,양의지,2018,18 C,133,503,439,84,157,29,1,23,77,45,40,13,6,6,0,0.358,0.427,0.585,1.012,6.97,6.85,0.12,162.8,0.216,0.08946322067594434,0.07952286282306163,0.04572564612326044,0.22699999999999998,104,0.4368190854870776,459,0.10457516339869281,0.09368191721132897,0.04357298474945534,0.21999999999999997,0.437516339869281,0.438,0.574,177.3,7.18,7.04
10165,양의지,2019,19 C,118,459,390,61,138,26,0,20,68,48,43,15,4,4,3,0.354,0.438,0.574,1.012,7.18,7.04,0.14,177.3,0.217,0.10457516339869281,0.09368191721132897,0.04357298474945534,0.21999999999999997,92,0.437516339869281,528,0.08712121212121213,0.08901515151515152,0.0625,0.27499999999999997,0.42945075757575757,0.4,0.603,156.3,6.79,6.46
10165,양의지,2020,20 C,130,528,461,86,151,26,1,33,124,46,47,14,7,5,2,0.328,0.4,0.603,1.003,6.79,6.46,0.33,156.3,0.21,0.08712121212121213,0.08901515151515152,0.0625,0.27499999999999997,91,0.42945075757575757,570,0.12105263157894737,0.10526315789473684,0.05263157894736842,0.25599999999999995,0.426578947368421,0.414,0.581,168.5,6.19,6.22
10165,양의지,2021,21 DH,141,570,480,81,156,29,2,30,111,69,60,11,5,2,1,0.325,0.414,0.581,0.995,6.19,6.22,-0.03,168.5,0.211,0.12105263157894737,0.10526315789473684,0.05263157894736842,0.25599999999999995,95,0.426578947368421,510,0.11764705882352941,0.09411764705882353,0.0392156862745098,0.197,0.3760196078431372,0.38,0.48,141.5,5.64,5.21
10165,양의지,2022,22 C,130,510,427,61,121,24,0,20,94,60,48,13,6,3,1,0.283,0.38,0.48,0.86,5.64,5.21,0.42,141.5,0.167,0.11764705882352941,0.09411764705882353,0.0392156862745098,0.197,77,0.3760196078431372,510,0.11176470588235295,0.10980392156862745,0.03333333333333333,0.16899999999999998,0.3839607843137255,0.396,0.474,151.8,6.18,5.74
10165,양의지,2023,23 C,129,510,439,56,134,23,0,17,68,57,56,11,8,8,0,0.305,0.396,0.474,0.87,6.18,5.74,0.44,151.8,0.172,0.11176470588235295,0.10980392156862745,0.03333333333333333,0.16899999999999998,94,0.3839607843137255,485,0.08247422680412371,0.1154639175257732,0.03505154639175258,0.16499999999999998,0.37602061855670105,0.379,0.479,125.3,3.31,3.5
10165,양의지,2024,24 C,119,485,430,57,135,18,1,17,94,40,56,9,5,2,1,0.314,0.379,0.479,0.858,3.31,3.5,-0.19,125.3,0.164,0.08247422680412371,0.1154639175257732,0.03505154639175258,0.16499999999999998,99,0.37602061855670105,517,0.09671179883945841,0.1218568665377176,0.03868471953578337,0.196,0.4079303675048356,0.406,0.533,162.8,6.79,6.6
10168,이성열,2018,18 DH,131,528,485,76,143,21,1,34,102,35,143,5,3,9,7,0.295,0.347,0.553,0.9,2.07,2.11,-0.04,115.8,0.162,0.06628787878787878,0.2708333333333333,0.06439393939393939,0.25800000000000006,87,0.3880113636363637,476,0.10084033613445378,0.23949579831932774,0.04411764705882353,0.20800000000000002,0.3530672268907563,0.343,0.464,126.2,1.56,2.52
10174,김재호,2018,18 SS,131,467,402,78,125,20,0,16,75,52,77,4,1,6,2,0.311,0.39,0.48,0.87,4.2,4.07,0.13,127.4,0.169,0.11134903640256959,0.16488222698072805,0.034261241970021415,0.16899999999999998,89,0.3789507494646681,470,0.1425531914893617,0.12340425531914893,0.00851063829787234,0.08999999999999997,0.32842553191489365,0.379,0.358,118.9,3.93,3.52
10174,김재호,2019,19 SS,130,470,377,51,101,22,0,4,48,67,58,7,3,3,3,0.268,0.379,0.358,0.737,3.93,3.52,0.41,118.9,0.131,0.1425531914893617,0.12340425531914893,0.00851063829787234,0.08999999999999997,75,0.32842553191489365,458,0.0982532751091703,0.0982532751091703,0.004366812227074236,0.056999999999999995,0.31882096069869,0.362,0.346,99.7,1.98,2.13
10180,이원석,2017,17 3B,121,459,411,55,109,20,1,18,62,34,80,4,2,2,0,0.265,0.323,0.45,0.773,0.91,1.27,-0.36,87.0,0.123,0.07407407407407407,0.17429193899782136,0.0392156862745098,0.185,70,0.33433551198257083,543,0.09576427255985268,0.18968692449355432,0.03683241252302026,0.192,0.37828729281767953,0.374,0.493,109.7,2.31,2.78
10180,이원석,2018,18 3B,128,543,479,74,144,30,1,20,93,52,103,7,1,2,1,0.301,0.374,0.493,0.867,2.31,2.78,-0.47,109.7,0.162,0.09576427255985268,0.18968692449355432,0.03683241252302026,0.192,93,0.37828729281767953,455,0.0945054945054945,0.16043956043956045,0.041758241758241756,0.195,0.33483516483516484,0.327,0.441,104.6,1.29,1.63
10182,최주환,2017,17 2B,129,452,399,65,120,16,6,7,57,38,58,9,1,3,2,0.301,0.37,0.424,0.794,1.88,2.39,-0.51,110.9,0.141,0.084070796460177,0.12831858407079647,0.015486725663716814,0.123,91,0.3505088495575221,590,0.08644067796610169,0.15084745762711865,0.04406779661016949,0.24899999999999994,0.41867796610169494,0.397,0.582,150.5,5.9,5.53
10182,최주환,2020,20 2B,140,574,509,63,156,29,4,16,88,47,66,7,5,2,2,0.306,0.366,0.473,0.839,4.66,4.63,0.03,127.9,0.157,0.08188153310104529,0.11498257839721254,0.027874564459930314,0.16699999999999998,107,0.3651742160278745,470,0.1127659574468085,0.17872340425531916,0.03829787234042553,0.173,0.3478085106382979,0.353,0.429,112.4,2.44,2.29
10184,허경민,2018,18 3B,133,577,516,85,167,30,5,10,79,32,52,16,0,20,4,0.324,0.376,0.459,0.835,3.59,3.07,0.52,115.3,0.153,0.05545927209705372,0.09012131715771231,0.01733102253032929,0.135,122,0.36287694974003465,540,0.06296296296296296,0.06666666666666667,0.007407407407407408,0.08300000000000002,0.31981481481481483,0.35,0.371,107.7,2.64,2.43
10184,허경민,2019,19 3B,133,540,475,71,137,25,1,4,60,34,36,17,2,11,5,0.288,0.35,0.371,0.721,2.64,2.43,0.22,107.7,0.118,0.06296296296296296,0.06666666666666667,0.007407407407407408,0.08300000000000002,107,0.31981481481481483,487,0.07186858316221766,0.057494866529774126,0.014373716632443531,0.10999999999999999,0.3603696098562628,0.382,0.442,131.4,4.13,3.44
10184,허경민,2022,22 3B,121,493,432,59,125,23,0,8,60,36,40,16,3,10,3,0.289,0.36,0.398,0.758,2.56,3.13,-0.58,122.1,0.135,0.07302231237322515,0.08113590263691683,0.016227180527383367,0.10900000000000004,94,0.3367748478701826,475,0.07368421052631578,0.05473684210526316,0.014736842105263158,0.10699999999999998,0.31317894736842106,0.328,0.375,98.5,2.14,1.64
10184,허경민,2023,23 3B,130,475,429,44,115,23,1,7,48,35,26,6,3,9,3,0.268,0.328,0.375,0.703,2.14,1.64,0.5,98.5,0.111,0.07368421052631578,0.05473684210526316,0.014736842105263158,0.10699999999999998,84,0.31317894736842106,477,0.07547169811320754,0.05241090146750524,0.014675052410901468,0.118,0.35999999999999993,0.384,0.427,122.0,3.3,3.09
10184,허경민,2024,24 3B,115,477,417,69,129,28,0,7,61,36,25,18,0,5,1,0.309,0.384,0.427,0.811,3.3,3.09,0.21,122.0,0.16,0.07547169811320754,0.05241090146750524,0.014675052410901468,0.118,94,0.35999999999999993,481,0.08108108108108109,0.07276507276507277,0.008316008316008316,0.07200000000000001,0.32286902286902286,0.362,0.355,99.4,1.68,1.69
10187,김현수,2018,18 LF,117,511,453,95,164,39,2,20,101,47,61,1,6,1,3,0.362,0.415,0.589,1.004,4.99,5.07,-0.08,158.5,0.21,0.09197651663405088,0.11937377690802348,0.03913894324853229,0.22699999999999998,103,0.4297260273972603,595,0.0907563025210084,0.08739495798319327,0.018487394957983194,0.133,0.3552100840336134,0.37,0.437,130.5,3.15,3.37
10187,김현수,2019,19 LF,140,595,526,75,160,37,0,11,82,54,52,6,9,3,1,0.304,0.37,0.437,0.807,3.15,3.37,-0.22,130.5,0.143,0.0907563025210084,0.08739495798319327,0.018487394957983194,0.133,112,0.3552100840336134,619,0.10177705977382875,0.08562197092084006,0.035541195476575124,0.192,0.39964458804523423,0.397,0.523,153.7,4.83,5.32
10187,김현수,2020,20 LF,142,619,547,98,181,35,2,22,119,63,53,2,7,0,2,0.331,0.397,0.523,0.92,4.83,5.32,-0.5,153.7,0.188,0.10177705977382875,0.08562197092084006,0.035541195476575124,0.192,122,0.39964458804523423,595,0.12941176470588237,0.07058823529411765,0.02857142857142857,0.15000000000000002,0.35880672268907565,0.376,0.435,132.2,3.45,3.63
10187,김현수,2021,21 LF,140,595,506,70,144,23,1,17,96,77,42,3,5,3,0,0.285,0.376,0.435,0.811,3.45,3.63,-0.19,132.2,0.153,0.12941176470588237,0.07058823529411765,0.02857142857142857,0.15000000000000002,103,0.35880672268907565,604,0.11754966887417219,0.10264900662251655,0.0380794701986755,0.187,0.372317880794702,0.375,0.473,146.5,4.31,4.67
10187,김현수,2022,22 LF,141,604,524,78,150,25,2,23,106,71,62,5,7,2,1,0.286,0.375,0.473,0.848,4.31,4.67,-0.35,146.5,0.162,0.11754966887417219,0.10264900662251655,0.0380794701986755,0.187,100,0.372317880794702,556,0.10431654676258993,0.09532374100719425,0.01079136690647482,0.09000000000000002,0.3328956834532374,0.364,0.383,114.4,1.69,1.76
10187,김현수,2023,23 DH,133,556,488,53,143,22,2,6,88,58,53,1,4,2,1,0.293,0.364,0.383,0.747,1.69,1.76,-0.07,114.4,0.13,0.10431654676258993,0.09532374100719425,0.01079136690647482,0.09000000000000002,113,0.3328956834532374,583,0.08061749571183534,0.13036020583190394,0.0137221269296741,0.124,0.3413550600343053,0.357,0.418,104.7,1.09,1.52
10187,김현수,2024,24 LF,137,583,517,61,152,36,2,8,69,47,76,9,1,6,1,0.294,0.357,0.418,0.775,1.09,1.52,-0.43,104.7,0.136,0.08061749571183534,0.13036020583190394,0.0137221269296741,0.124,106,0.3413550600343053,552,0.11594202898550725,0.1322463768115942,0.021739130434782608,0.124,0.36021739130434777,0.384,0.422,133.1,3.36,3.61
10188,민병헌,2016,16 RF,134,579,511,98,166,31,4,16,87,48,91,15,1,9,2,0.325,0.396,0.495,0.891,3.42,3.73,-0.31,133.2,0.175,0.08290155440414508,0.15716753022452504,0.027633851468048358,0.16999999999999998,115,0.38984455958549225,520,0.09038461538461538,0.1423076923076923,0.026923076923076925,0.14100000000000001,0.36936538461538465,0.389,0.445,124.7,2.1,2.59
10188,민병헌,2017,17 RF,123,520,447,73,136,21,0,14,71,47,74,19,2,3,4,0.304,0.389,0.445,0.834,2.1,2.59,-0.49,124.7,0.157,0.09038461538461538,0.1423076923076923,0.026923076923076925,0.14100000000000001,101,0.36936538461538465,494,0.0708502024291498,0.13765182186234817,0.03441295546558704,0.16299999999999998,0.37236842105263157,0.374,0.481,109.3,3.36,2.84
10189,박건우,2016,16 RF,132,540,484,95,162,36,4,20,83,38,86,9,0,17,6,0.335,0.39,0.55,0.94,4.17,4.44,-0.27,139.0,0.184,0.07037037037037037,0.15925925925925927,0.037037037037037035,0.21500000000000002,102,0.4031111111111111,543,0.07550644567219153,0.11786372007366483,0.03683241252302026,0.21599999999999997,0.4307182320441989,0.424,0.582,168.6,6.13,6.36
10189,박건우,2017,17 CF,131,543,483,91,177,40,2,20,78,41,64,10,2,20,3,0.366,0.424,0.582,1.006,6.13,6.36,-0.23,168.6,0.212,0.07550644567219153,0.11786372007366483,0.03683241252302026,0.21599999999999997,115,0.4307182320441989,529,0.052930056710775046,0.12287334593572778,0.022684310018903593,0.14699999999999996,0.37060491493383746,0.373,0.473,118.5,2.93,2.88
10189,박건우,2018,18 CF,125,529,488,79,159,24,6,12,84,28,65,10,1,7,3,0.326,0.373,0.473,0.846,2.93,2.88,0.04,118.5,0.156,0.052930056710775046,0.12287334593572778,0.022684310018903593,0.14699999999999996,117,0.37060491493383746,537,0.11173184357541899,0.10614525139664804,0.0186219739292365,0.14600000000000002,0.37689013035381747,0.397,0.465,153.1,5.2,4.86
10189,박건우,2019,19 RF,127,537,458,83,146,27,5,10,64,60,57,7,0,12,3,0.319,0.397,0.465,0.862,5.2,4.86,0.34,153.1,0.168,0.11173184357541899,0.10614525139664804,0.0186219739292365,0.14600000000000002,104,0.37689013035381747,551,0.07622504537205081,0.11796733212341198,0.025408348457350273,0.16799999999999998,0.36566243194192377,0.369,0.472,133.0,3.76,3.75
10189,박건우,2020,20 RF,129,551,487,103,148,40,0,14,70,42,65,12,2,8,2,0.304,0.369,0.472,0.841,3.76,3.75,0.01,133.0,0.163,0.07622504537205081,0.11796733212341198,0.025408348457350273,0.16799999999999998,94,0.36566243194192377,525,0.09523809523809523,0.13714285714285715,0.011428571428571429,0.11599999999999999,0.37243809523809523,0.4,0.441,143.3,4.32,4.5
10189,박건우,2021,21 RF,126,525,458,82,149,31,2,6,63,50,72,11,2,13,0,0.325,0.4,0.441,0.841,4.32,4.5,-0.18,143.3,0.165,0.09523809523809523,0.13714285714285715,0.011428571428571429,0.11599999999999999,110,0.37243809523809523,463,0.09503239740820735,0.13390928725701945,0.02159827213822894,0.122,0.3838444924406048,0.408,0.458,147.3,3.97,4.22
10189,박건우,2022,22 CF,111,463,408,52,137,18,1,10,61,44,62,8,1,3,3,0.336,0.408,0.458,0.866,3.97,4.22,-0.24,147.3,0.173,0.09503239740820735,0.13390928725701945,0.02159827213822894,0.122,108,0.3838444924406048,533,0.1050656660412758,0.13320825515947468,0.0225140712945591,0.16099999999999998,0.38266416510318957,0.397,0.48,149.2,4.05,4.29
10195,정수빈,2019,19 CF,123,513,441,75,117,19,5,0,41,57,60,6,0,26,8,0.265,0.354,0.331,0.685,2.69,2.13,0.56,103.2,0.113,0.1111111111111111,0.11695906432748537,0.0,0.066,93,0.30925925925925923,559,0.09838998211091235,0.1001788908765653,0.008944543828264758,0.09800000000000003,0.335742397137746,0.368,0.396,113.0,2.94,2.74
10195,정수빈,2022,22 CF,127,455,405,58,105,12,4,3,41,39,56,1,1,15,8,0.259,0.323,0.331,0.654,1.28,1.02,0.26,86.3,0.096,0.08571428571428572,0.12307692307692308,0.006593406593406593,0.07200000000000001,86,0.2905274725274725,583,0.1097770154373928,0.10806174957118353,0.003430531732418525,0.08400000000000002,0.32974271012006856,0.375,0.371,121.2,4.4,3.93
10195,정수빈,2023,23 CF,137,583,498,75,143,14,11,2,33,64,63,7,1,39,8,0.287,0.375,0.371,0.746,4.4,3.93,0.47,121.2,0.137,0.1097770154373928,0.10806174957118353,0.003430531732418525,0.08400000000000002,116,0.32974271012006856,608,0.11677631578947369,0.11842105263157894,0.006578947368421052,0.07700000000000001,0.32817434210526314,0.376,0.361,100.2,3.07,2.62
10195,정수빈,2024,24 CF,136,608,510,95,145,21,3,4,47,71,72,9,1,52,13,0.284,0.376,0.361,0.737,3.07,2.62,0.45,100.2,0.131,0.11677631578947369,0.11842105263157894,0.006578947368421052,0.07700000000000001,117,0.32817434210526314,546,0.11172161172161173,0.1043956043956044,0.01098901098901099,0.08999999999999997,0.3153479853479853,0.355,0.348,104.8,2.83,2.32
10232,강민호,2016,16 C,116,460,381,65,123,26,0,20,72,66,91,10,4,4,0,0.323,0.433,0.549,0.982,5.47,5.1,0.37,142.2,0.206,0.14347826086956522,0.19782608695652174,0.043478260869565216,0.22600000000000003,77,0.4267173913043478,515,0.07961165048543689,0.20194174757281552,0.04271844660194175,0.197,0.3699029126213592,0.361,0.482,107.3,3.74,3.55
10232,강민호,2017,17 C,130,515,456,62,130,22,1,22,68,41,104,15,6,0,2,0.285,0.361,0.482,0.843,3.74,3.55,0.19,107.3,0.151,0.07961165048543689,0.20194174757281552,0.04271844660194175,0.197,85,0.3699029126213592,477,0.06079664570230608,0.20125786163522014,0.04612159329140461,0.188,0.34461215932914047,0.331,0.457,84.0,1.48,1.67
10232,강민호,2023,23 C,125,495,434,60,126,19,0,16,77,49,65,6,4,6,1,0.29,0.366,0.445,0.811,3.4,3.7,-0.3,123.5,0.149,0.09898989898989899,0.13131313131313133,0.03232323232323232,0.15500000000000003,91,0.35727272727272724,452,0.07743362831858407,0.11504424778761062,0.0420353982300885,0.193,0.37484513274336284,0.365,0.496,115.6,3.43,3.13
10232,강민호,2024,24 C,136,452,403,48,122,19,1,19,77,35,52,8,2,3,0,0.303,0.365,0.496,0.861,3.43,3.13,0.3,115.6,0.161,0.07743362831858407,0.11504424778761062,0.0420353982300885,0.193,83,0.37484513274336284,465,0.08172043010752689,0.14838709677419354,0.025806451612903226,0.14799999999999996,0.3312688172043011,0.336,0.417,96.4,2.59,2.33
10235,장성우,2020,20 C,130,455,400,39,111,15,0,13,79,38,64,1,0,0,0,0.278,0.337,0.413,0.75,3.16,2.35,0.81,93.8,0.124,0.08351648351648351,0.14065934065934066,0.02857142857142857,0.13499999999999995,83,0.3234285714285714,460,0.13043478260869565,0.15,0.030434782608695653,0.143,0.31445652173913047,0.337,0.374,93.8,1.66,1.9
10235,장성우,2023,23 C,131,464,410,37,118,22,0,11,65,42,70,2,1,1,1,0.288,0.351,0.422,0.773,3.4,3.26,0.14,110.5,0.136,0.09051724137931035,0.15086206896551724,0.023706896551724137,0.134,85,0.3385991379310345,489,0.12269938650306748,0.17586912065439672,0.03885480572597137,0.182,0.35175869120654396,0.355,0.45,104.2,3.34,3.23
10235,장성우,2024,24 C,131,489,418,53,112,19,0,19,81,60,86,1,1,5,0,0.268,0.355,0.45,0.805,3.34,3.23,0.1,104.2,0.144,0.12269938650306748,0.17586912065439672,0.03885480572597137,0.182,74,0.35175869120654396,480,0.11458333333333333,0.2,0.029166666666666667,0.133,0.3167708333333333,0.333,0.38,96.1,2.27,2.24
10238,김민성,2016,16 3B,141,579,510,76,156,39,5,17,90,53,89,3,3,6,3,0.306,0.367,0.502,0.869,3.33,2.76,0.57,111.6,0.158,0.09153713298791019,0.153713298791019,0.02936096718480138,0.196,95,0.3741105354058722,530,0.08113207547169811,0.17547169811320754,0.02830188679245283,0.15400000000000003,0.3430943396226415,0.345,0.436,95.6,2.36,1.59
10238,김민성,2017,17 3B,133,530,472,59,133,26,1,15,78,43,93,7,2,0,1,0.282,0.345,0.436,0.781,2.36,1.59,0.77,95.6,0.128,0.08113207547169811,0.17547169811320754,0.02830188679245283,0.15400000000000003,91,0.3430943396226415,465,0.08602150537634409,0.17204301075268819,0.021505376344086023,0.131,0.3382150537634409,0.351,0.414,94.0,1.86,1.41
10239,김주찬,2016,16 LF,130,555,511,97,177,37,3,23,101,30,68,7,1,9,7,0.346,0.386,0.566,0.952,4.72,4.0,0.72,134.5,0.187,0.05405405405405406,0.12252252252252252,0.04144144144144144,0.21999999999999997,114,0.4096396396396397,478,0.06485355648535565,0.12343096234309624,0.02510460251046025,0.18,0.36843096234309625,0.359,0.489,117.5,2.64,2.21
10239,김주찬,2017,17 1B,122,478,440,78,136,39,2,12,70,31,59,4,0,9,2,0.309,0.359,0.489,0.848,2.64,2.21,0.43,117.5,0.155,0.06485355648535565,0.12343096234309624,0.02510460251046025,0.18,83,0.36843096234309625,471,0.04883227176220807,0.12101910828025478,0.03821656050955414,0.18,0.38507430997876857,0.375,0.52,119.7,1.91,2.17
10251,이대호,2017,17 1B,142,608,540,73,173,13,0,34,111,50,84,15,8,1,1,0.32,0.391,0.533,0.924,3.34,3.13,0.22,127.8,0.179,0.08223684210526316,0.13815789473684212,0.05592105263157895,0.21300000000000002,126,0.4035361842105263,604,0.07119205298013245,0.12417218543046357,0.061258278145695365,0.25999999999999995,0.42551324503311255,0.394,0.593,137.8,3.87,3.87
10251,이대호,2018,18 DH,144,604,543,81,181,30,0,37,125,43,75,14,7,0,1,0.333,0.394,0.593,0.987,3.87,3.87,0.0,137.8,0.201,0.07119205298013245,0.12417218543046357,0.061258278145695365,0.25999999999999995,114,0.42551324503311255,549,0.08561020036429873,0.11839708561020036,0.029143897996357013,0.15000000000000002,0.3484153005464481,0.355,0.435,115.8,1.52,1.57
10251,이대호,2019,19 DH,135,549,485,48,138,23,1,16,88,47,65,10,4,0,0,0.285,0.355,0.435,0.79,1.52,1.57,-0.04,115.8,0.141,0.08561020036429873,0.11839708561020036,0.029143897996357013,0.15000000000000002,98,0.3484153005464481,611,0.0867430441898527,0.11129296235679215,0.03273322422258593,0.16000000000000003,0.352291325695581,0.354,0.452,107.2,1.4,1.11
10251,이대호,2020,20 DH,144,611,542,67,158,27,0,20,110,53,68,5,9,1,0,0.292,0.354,0.452,0.806,1.4,1.11,0.29,107.2,0.146,0.0867430441898527,0.11129296235679215,0.03273322422258593,0.16000000000000003,111,0.352291325695581,465,0.07311827956989247,0.10752688172043011,0.04086021505376344,0.16200000000000003,0.3463010752688172,0.342,0.448,106.9,0.72,0.96
10251,이대호,2021,21 DH,114,465,420,39,120,11,0,19,81,34,50,5,3,0,0,0.286,0.342,0.448,0.79,0.72,0.96,-0.25,106.9,0.138,0.07311827956989247,0.10752688172043011,0.04086021505376344,0.16200000000000003,90,0.3463010752688172,591,0.0727580372250423,0.09475465313028765,0.038917089678511,0.17099999999999999,0.3840778341793571,0.379,0.502,139.7,3.62,3.69
10253,정훈,2020,20 1B,111,476,410,72,121,19,1,11,58,56,85,4,0,11,1,0.295,0.382,0.427,0.809,2.21,2.42,-0.21,112.6,0.154,0.11764705882352941,0.17857142857142858,0.023109243697478993,0.132,90,0.3581302521008403,561,0.12121212121212122,0.1586452762923351,0.024955436720142603,0.14600000000000002,0.36254901960784314,0.38,0.438,122.2,2.75,2.71
10261,손아섭,2016,16 RF,144,672,575,118,186,33,1,16,81,92,104,3,1,42,4,0.323,0.418,0.468,0.886,5.09,4.7,0.39,121.8,0.178,0.13690476190476192,0.15476190476190477,0.023809523809523808,0.14500000000000002,136,0.39257440476190475,667,0.12443778110944528,0.14392803598200898,0.029985007496251874,0.179,0.40830584707646184,0.42,0.514,134.6,5.77,5.28
10261,손아섭,2017,17 RF,144,667,576,113,193,35,4,20,80,83,96,4,8,25,8,0.335,0.42,0.514,0.934,5.77,5.28,0.49,134.6,0.189,0.12443778110944528,0.14392803598200898,0.029985007496251874,0.179,134,0.40830584707646184,625,0.1088,0.1584,0.0416,0.21700000000000003,0.41217599999999993,0.404,0.546,135.0,5.64,5.12
10261,손아섭,2018,18 RF,141,625,553,109,182,32,5,26,93,68,99,2,1,20,3,0.329,0.404,0.546,0.95,5.64,5.12,0.52,135.0,0.197,0.1088,0.1584,0.0416,0.21700000000000003,119,0.41217599999999993,568,0.09154929577464789,0.1619718309859155,0.017605633802816902,0.10500000000000004,0.3383450704225352,0.36,0.4,109.0,2.7,2.36
10261,손아섭,2019,19 RF,134,568,512,78,151,22,1,10,63,52,92,1,1,13,8,0.295,0.36,0.4,0.76,2.7,2.36,0.33,109.0,0.132,0.09154929577464789,0.1619718309859155,0.017605633802816902,0.10500000000000004,118,0.3383450704225352,611,0.09983633387888707,0.09165302782324058,0.01800327332242226,0.14100000000000001,0.3965302782324059,0.415,0.493,139.7,5.02,4.98
10261,손아섭,2020,20 RF,141,611,540,98,190,43,0,11,85,61,56,2,4,5,0,0.352,0.415,0.493,0.908,5.02,4.98,0.04,139.7,0.19,0.09983633387888707,0.09165302782324058,0.01800327332242226,0.14100000000000001,136,0.3965302782324059,610,0.1,0.10983606557377049,0.004918032786885246,0.07800000000000001,0.351360655737705,0.39,0.397,114.7,2.65,2.99
10261,손아섭,2021,21 RF,139,610,542,88,173,29,2,3,58,61,67,3,3,11,6,0.319,0.39,0.397,0.787,2.65,2.99,-0.34,114.7,0.147,0.1,0.10983606557377049,0.004918032786885246,0.07800000000000001,139,0.351360655737705,617,0.09562398703403566,0.12317666126418152,0.006482982171799027,0.08999999999999997,0.31917341977309566,0.347,0.367,100.6,2.28,1.72
10261,손아섭,2022,22 RF,138,617,548,72,152,29,4,4,48,59,76,3,2,7,3,0.277,0.347,0.367,0.714,2.28,1.72,0.56,100.6,0.118,0.09562398703403566,0.12317666126418152,0.006482982171799027,0.08999999999999997,115,0.31917341977309566,609,0.08210180623973727,0.11001642036124795,0.008210180623973728,0.10399999999999998,0.36829228243021345,0.393,0.443,137.1,4.46,4.25
10266,전준우,2017,17 CF,110,496,455,76,146,27,1,18,69,30,70,7,2,2,4,0.321,0.37,0.503,0.873,3.21,2.84,0.37,115.9,0.163,0.06048387096774194,0.14112903225806453,0.036290322580645164,0.182,100,0.3799395161290323,614,0.0781758957654723,0.13355048859934854,0.05374592833876222,0.24999999999999994,0.4272475570032573,0.4,0.592,141.4,5.41,5.08
10266,전준우,2018,18 LF,144,614,556,118,190,36,2,33,90,48,82,7,1,7,7,0.342,0.4,0.592,0.992,5.41,5.08,0.32,141.4,0.205,0.0781758957654723,0.13355048859934854,0.05374592833876222,0.24999999999999994,119,0.4272475570032573,606,0.07590759075907591,0.11716171617161716,0.036303630363036306,0.18,0.3654950495049505,0.359,0.481,126.4,3.05,3.54
10266,전준우,2019,19 LF,141,606,545,85,164,30,1,22,83,46,71,7,2,8,2,0.301,0.359,0.481,0.84,3.05,3.54,-0.49,126.4,0.154,0.07590759075907591,0.11716171617161716,0.036303630363036306,0.18,111,0.3654950495049505,628,0.08280254777070063,0.12579617834394904,0.041401273885350316,0.20299999999999996,0.3606369426751592,0.347,0.482,112.3,2.72,2.54
10266,전준우,2020,20 LF,143,628,562,95,157,34,1,26,96,52,79,8,0,5,5,0.279,0.347,0.482,0.829,2.72,2.54,0.19,112.3,0.153,0.08280254777070063,0.12579617834394904,0.041401273885350316,0.20299999999999996,96,0.3606369426751592,619,0.08562197092084006,0.1147011308562197,0.011308562197092083,0.121,0.38287560581583197,0.405,0.469,134.6,4.02,4.53
10266,전준우,2021,21 LF,144,619,552,88,192,46,0,7,92,53,71,5,0,6,3,0.348,0.405,0.469,0.874,4.02,4.53,-0.51,134.6,0.173,0.08562197092084006,0.1147011308562197,0.011308562197092083,0.121,139,0.38287560581583197,517,0.06769825918762089,0.14119922630560927,0.02127659574468085,0.14100000000000001,0.3470019342359768,0.35,0.445,116.0,1.65,2.5
10266,전준우,2022,22 LF,120,517,470,73,143,31,1,11,68,35,73,3,1,6,3,0.304,0.35,0.445,0.795,1.65,2.5,-0.86,116.0,0.139,0.06769825918762089,0.14119922630560927,0.02127659574468085,0.14100000000000001,100,0.3470019342359768,559,0.09302325581395349,0.11627906976744186,0.03041144901610018,0.15899999999999997,0.37338103756708413,0.381,0.471,134.5,3.53,3.86
10266,전준우,2023,23 DH,138,559,493,80,154,21,3,17,77,52,65,7,4,9,2,0.312,0.381,0.471,0.852,3.53,3.86,-0.34,134.5,0.163,0.09302325581395349,0.11627906976744186,0.03041144901610018,0.15899999999999997,113,0.37338103756708413,483,0.10144927536231885,0.17391304347826086,0.035196687370600416,0.192,0.37200828157349897,0.369,0.485,115.7,1.85,2.21
10266,전준우,2024,24 DH,109,483,423,57,124,26,2,17,82,49,84,5,0,3,1,0.293,0.369,0.485,0.854,1.85,2.21,-0.36,115.7,0.163,0.10144927536231885,0.17391304347826086,0.035196687370600416,0.192,79,0.37200828157349897,472,0.09322033898305085,0.1504237288135593,0.01694915254237288,0.127,0.34730932203389836,0.369,0.42,115.1,1.39,1.84
10320,김상수,2019,19 2B,129,543,468,76,127,20,2,5,38,50,67,15,1,21,3,0.271,0.358,0.355,0.713,2.7,3.04,-0.34,97.6,0.121,0.09208103130755065,0.12338858195211787,0.009208103130755065,0.08399999999999996,100,0.31941068139963175,471,0.11677282377919321,0.11677282377919321,0.010615711252653927,0.09700000000000003,0.35723991507430997,0.397,0.401,112.4,3.11,3.13
10344,최형우,2016,16 LF,138,618,519,99,195,46,2,31,144,83,83,9,8,2,2,0.376,0.464,0.651,1.115,7.48,7.71,-0.23,172.7,0.25,0.1343042071197411,0.1343042071197411,0.05016181229773463,0.275,116,0.47532362459546923,629,0.15262321144674085,0.13036565977742448,0.04133545310015898,0.23399999999999993,0.4421780604133545,0.45,0.576,162.9,6.13,6.54
10344,최형우,2017,17 LF,142,629,514,98,176,36,3,26,120,96,82,11,8,0,1,0.342,0.45,0.576,1.026,6.13,6.54,-0.41,162.9,0.216,0.15262321144674085,0.13036565977742448,0.04133545310015898,0.23399999999999993,111,0.4421780604133545,609,0.10837438423645321,0.14285714285714285,0.041050903119868636,0.21000000000000002,0.4167323481116585,0.414,0.549,142.9,4.26,4.77
10344,최형우,2018,18 LF,143,609,528,92,179,34,1,25,103,66,87,7,7,3,0,0.339,0.414,0.549,0.963,4.26,4.77,-0.52,142.9,0.2,0.10837438423645321,0.14285714285714285,0.041050903119868636,0.21000000000000002,119,0.4167323481116585,555,0.15315315315315314,0.13873873873873874,0.03063063063063063,0.185,0.394054054054054,0.413,0.485,152.8,4.9,4.71
10344,최형우,2019,19 DH,136,555,456,65,137,31,1,17,86,85,77,7,6,0,1,0.3,0.413,0.485,0.898,4.9,4.71,0.2,152.8,0.181,0.15315315315315314,0.13873873873873874,0.03063063063063063,0.185,88,0.394054054054054,600,0.11666666666666667,0.16833333333333333,0.04666666666666667,0.236,0.4420333333333334,0.433,0.59,171.3,6.45,6.52
10344,최형우,2020,20 DH,140,600,522,93,185,37,1,28,115,70,101,5,5,0,0,0.354,0.433,0.59,1.023,6.45,6.52,-0.07,171.3,0.226,0.11666666666666667,0.16833333333333333,0.04666666666666667,0.236,119,0.4420333333333334,446,0.15022421524663676,0.15022421524663676,0.026905829596412557,0.142,0.33069506726457404,0.354,0.375,105.8,1.17,1.11
10344,최형우,2021,21 DH,104,446,373,52,87,15,1,12,55,67,67,4,10,0,0,0.233,0.354,0.375,0.729,1.17,1.11,0.06,105.8,0.129,0.15022421524663676,0.15022421524663676,0.026905829596412557,0.142,59,0.33069506726457404,530,0.13773584905660377,0.17358490566037735,0.026415094339622643,0.15699999999999997,0.35060377358490563,0.366,0.421,125.9,2.71,2.55
10344,최형우,2022,22 DH,132,530,454,55,120,27,1,14,71,73,92,1,5,1,0,0.264,0.366,0.421,0.787,2.71,2.55,0.16,125.9,0.145,0.13773584905660377,0.17358490566037735,0.026415094339622643,0.15699999999999997,78,0.35060377358490563,508,0.1279527559055118,0.16338582677165353,0.03346456692913386,0.185,0.38950787401574805,0.4,0.487,159.4,3.85,4.23
10344,최형우,2023,23 DH,121,508,431,64,130,27,1,17,81,65,83,8,1,0,0,0.302,0.4,0.487,0.887,3.85,4.23,-0.38,159.4,0.183,0.1279527559055118,0.16338582677165353,0.03346456692913386,0.185,85,0.38950787401574805,487,0.10677618069815195,0.17659137577002054,0.045174537987679675,0.21899999999999997,0.3741478439425052,0.361,0.499,119.0,1.59,1.88
10344,최형우,2024,24 DH,116,487,425,67,119,23,2,22,109,52,86,5,4,1,1,0.28,0.361,0.499,0.86,1.59,1.88,-0.29,119.0,0.161,0.10677618069815195,0.17659137577002054,0.045174537987679675,0.21899999999999997,72,0.3741478439425052,549,0.122040072859745,0.1785063752276867,0.04371584699453552,0.22200000000000003,0.4031329690346084,0.399,0.529,157.6,4.37,4.37
10387,박동원,2021,21 C,131,481,413,61,103,21,0,22,83,53,114,7,0,2,0,0.249,0.342,0.46,0.802,3.24,2.99,0.26,119.5,0.143,0.1101871101871102,0.23700623700623702,0.04573804573804574,0.21100000000000002,60,0.349022869022869,447,0.10067114093959731,0.21252796420581654,0.040268456375838924,0.194,0.3357046979865772,0.334,0.436,118.5,4.1,3.65
10387,박동원,2022,22 C,123,447,385,52,93,21,0,18,57,45,95,9,4,1,0,0.242,0.334,0.436,0.77,4.1,3.65,0.46,118.5,0.136,0.10067114093959731,0.21252796420581654,0.040268456375838924,0.194,54,0.3357046979865772,481,0.10187110187110188,0.18711018711018712,0.04158004158004158,0.194,0.3347609147609148,0.334,0.443,117.7,4.26,4.15
10387,박동원,2023,23 C,130,481,409,54,102,17,1,20,75,49,90,7,3,0,1,0.249,0.334,0.443,0.777,4.26,4.15,0.11,117.7,0.134,0.10187110187110188,0.18711018711018712,0.04158004158004158,0.194,64,0.3347609147609148,498,0.11044176706827309,0.2248995983935743,0.040160642570281124,0.189,0.3524698795180723,0.349,0.461,111.0,4.54,3.58
10387,박동원,2024,24 C,130,498,434,58,118,22,0,20,80,55,112,0,2,1,0,0.272,0.349,0.461,0.81,4.54,3.58,0.96,111.0,0.144,0.11044176706827309,0.2248995983935743,0.040160642570281124,0.189,76,0.3524698795180723,523,0.11854684512428298,0.23709369024856597,0.04206500956022945,0.202,0.3476099426386233,0.342,0.455,121.0,5.12,4.8
10400,오재일,2016,16 1B,105,455,380,69,120,20,2,27,92,64,73,2,2,1,0,0.316,0.411,0.592,1.003,4.48,4.04,0.44,154.1,0.203,0.14065934065934066,0.16043956043956045,0.05934065934065934,0.27599999999999997,71,0.42665934065934064,466,0.09656652360515021,0.17167381974248927,0.055793991416309016,0.25500000000000006,0.4045278969957081,0.378,0.561,145.1,4.1,3.93
10400,오재일,2017,17 1B,128,466,412,62,126,27,0,26,89,45,80,5,0,1,1,0.306,0.378,0.561,0.939,4.1,3.93,0.18,145.1,0.183,0.09656652360515021,0.17167381974248927,0.055793991416309016,0.25500000000000006,73,0.4045278969957081,477,0.12578616352201258,0.25366876310272535,0.05660377358490566,0.26,0.3915094339622642,0.373,0.539,131.5,3.59,3.16
10400,오재일,2018,18 1B,123,477,401,69,112,19,2,27,80,60,121,6,2,1,1,0.279,0.373,0.539,0.912,3.59,3.16,0.43,131.5,0.175,0.12578616352201258,0.25366876310272535,0.05660377358490566,0.26,64,0.3915094339622642,529,0.10396975425330812,0.18714555765595464,0.03969754253308128,0.202,0.3765595463137997,0.369,0.495,148.2,4.18,3.66
10400,오재일,2019,19 1B,130,529,467,76,137,29,1,21,102,55,99,3,1,2,1,0.293,0.369,0.495,0.864,4.18,3.66,0.52,148.2,0.163,0.10396975425330812,0.18714555765595464,0.03969754253308128,0.202,86,0.3765595463137997,534,0.11423220973782772,0.17228464419475656,0.0299625468164794,0.16999999999999998,0.3828464419475655,0.39,0.482,141.8,2.85,3.24
10400,오재일,2020,20 1B,127,534,471,62,147,32,0,16,89,61,92,0,1,2,1,0.312,0.39,0.482,0.872,2.85,3.24,-0.38,141.8,0.175,0.11423220973782772,0.17228464419475656,0.0299625468164794,0.16999999999999998,99,0.3828464419475655,484,0.11983471074380166,0.2190082644628099,0.05165289256198347,0.22700000000000004,0.3797107438016529,0.366,0.512,132.0,2.81,2.44
10400,오재일,2021,21 1B,120,484,418,64,119,20,0,25,97,58,106,0,8,1,0,0.285,0.366,0.512,0.878,2.81,2.44,0.37,132.0,0.168,0.11983471074380166,0.2190082644628099,0.05165289256198347,0.22700000000000004,74,0.3797107438016529,536,0.10634328358208955,0.24813432835820895,0.03917910447761194,0.22299999999999998,0.3624626865671642,0.345,0.491,126.9,2.53,2.58
10407,황재균,2018,18 3B,142,588,530,76,157,41,3,25,88,49,120,4,1,14,7,0.296,0.358,0.526,0.884,3.57,3.65,-0.09,117.0,0.167,0.08333333333333333,0.20408163265306123,0.04251700680272109,0.23000000000000004,88,0.3817006802721089,507,0.10256410256410256,0.14003944773175542,0.03944773175542406,0.18400000000000005,0.3605917159763314,0.357,0.467,127.0,4.88,3.95
10407,황재균,2019,19 3B,124,507,448,78,127,16,3,20,67,52,71,2,2,10,7,0.283,0.357,0.467,0.824,4.88,3.95,0.92,127.0,0.15,0.10256410256410256,0.14003944773175542,0.03944773175542406,0.18400000000000005,88,0.3605917159763314,600,0.07833333333333334,0.16333333333333333,0.035,0.2,0.38133333333333336,0.37,0.512,129.5,5.36,4.89
10407,황재균,2020,20 3B,134,600,541,108,169,35,5,21,97,47,98,5,0,11,6,0.312,0.37,0.512,0.882,5.36,4.89,0.47,129.5,0.171,0.07833333333333334,0.16333333333333333,0.035,0.2,108,0.38133333333333336,507,0.09072978303747535,0.1814595660749507,0.01972386587771203,0.11100000000000004,0.3373175542406312,0.358,0.402,107.9,2.92,2.51
10407,황재균,2021,21 3B,117,507,453,74,132,16,2,10,56,46,92,3,1,11,4,0.291,0.358,0.402,0.76,2.92,2.51,0.41,107.9,0.135,0.09072978303747535,0.1814595660749507,0.01972386587771203,0.11100000000000004,104,0.3373175542406312,581,0.09122203098106713,0.1703958691910499,0.01721170395869191,0.118,0.31841652323580033,0.335,0.38,97.1,1.87,2.13
10407,황재균,2022,22 3B,141,581,519,59,136,25,3,10,64,53,99,5,5,6,3,0.262,0.335,0.38,0.715,1.87,2.13,-0.26,97.1,0.117,0.09122203098106713,0.1703958691910499,0.01721170395869191,0.118,98,0.31841652323580033,457,0.09846827133479212,0.1400437636761488,0.01312910284463895,0.118,0.3439168490153173,0.366,0.413,116.0,3.24,2.8
10469,박경수,2016,16 2B,121,476,402,64,126,22,1,20,80,65,80,5,2,3,1,0.313,0.412,0.522,0.934,4.36,4.13,0.23,129.7,0.187,0.13655462184873948,0.16806722689075632,0.04201680672268908,0.20900000000000002,83,0.40731092436974786,511,0.11154598825831702,0.2309197651663405,0.029354207436399216,0.16799999999999998,0.34448140900195695,0.352,0.43,96.5,1.95,1.91
10469,박경수,2017,17 2B,131,511,442,62,116,27,1,15,66,57,118,6,4,1,2,0.262,0.352,0.43,0.782,1.95,1.91,0.04,96.5,0.133,0.11154598825831702,0.2309197651663405,0.029354207436399216,0.16799999999999998,73,0.34448140900195695,528,0.10984848484848485,0.24431818181818182,0.04734848484848485,0.20999999999999996,0.36274621212121205,0.354,0.472,105.8,2.56,2.71
10469,박경수,2018,18 2B,135,528,458,65,120,21,0,25,74,58,129,9,2,4,1,0.262,0.354,0.472,0.826,2.56,2.71,-0.16,105.8,0.15,0.10984848484848485,0.24431818181818182,0.04734848484848485,0.20999999999999996,74,0.36274621212121205,490,0.11224489795918367,0.20816326530612245,0.02040816326530612,0.128,0.3155306122448979,0.335,0.375,96.9,2.93,2.15
10470,박병호,2018,18 1B,113,488,400,88,138,20,0,43,112,68,114,17,10,0,1,0.345,0.457,0.718,1.175,7.24,7.05,0.18,192.1,0.266,0.13934426229508196,0.2336065573770492,0.08811475409836066,0.373,75,0.4951024590163935,532,0.14661654135338345,0.2199248120300752,0.06203007518796992,0.28,0.4119548872180451,0.398,0.56,171.8,6.54,5.94
10470,박병호,2021,21 1B,118,477,409,48,93,23,0,20,76,47,141,14,3,0,1,0.227,0.323,0.43,0.753,0.95,0.92,0.03,104.7,0.125,0.09853249475890985,0.29559748427672955,0.041928721174004195,0.20299999999999999,50,0.33169811320754716,487,0.08213552361396304,0.26899383983572894,0.07186858316221766,0.28400000000000003,0.3902874743326489,0.349,0.559,145.8,4.66,3.98
10470,박병호,2022,22 1B,124,487,429,72,118,17,0,35,98,40,131,12,3,5,3,0.275,0.349,0.559,0.908,4.66,3.98,0.68,145.8,0.176,0.08213552361396304,0.26899383983572894,0.07186858316221766,0.28400000000000003,66,0.3902874743326489,493,0.09330628803245436,0.23123732251521298,0.036511156186612576,0.16000000000000003,0.3520486815415822,0.357,0.443,118.2,2.75,2.0
10475,오지환,2018,18 SS,144,617,533,93,148,26,2,11,71,59,146,7,3,10,5,0.278,0.354,0.396,0.75,3.78,3.29,0.49,96.2,0.127,0.09562398703403566,0.2366288492706645,0.017828200972447326,0.118,109,0.32758508914100487,547,0.10420475319926874,0.20658135283363802,0.016453382084095063,0.126,0.3172943327239488,0.339,0.378,107.9,5.26,4.14
10475,오지환,2019,19 SS,134,547,473,63,119,23,5,9,53,57,113,7,1,27,5,0.252,0.339,0.378,0.717,5.26,4.14,1.12,107.9,0.12,0.10420475319926874,0.20658135283363802,0.016453382084095063,0.126,82,0.3172943327239488,591,0.07614213197969544,0.19627749576988154,0.01692047377326565,0.16100000000000003,0.35692047377326563,0.362,0.461,125.2,6.41,5.37
10475,오지환,2020,20 SS,141,591,527,95,158,41,7,10,71,45,116,9,1,20,8,0.3,0.362,0.461,0.823,6.41,5.37,1.04,125.2,0.154,0.07614213197969544,0.19627749576988154,0.01692047377326565,0.16100000000000003,100,0.35692047377326563,532,0.10150375939849623,0.15413533834586465,0.015037593984962405,0.10199999999999998,0.3087218045112783,0.335,0.356,94.6,3.28,2.58
10475,오지환,2021,21 SS,134,532,464,62,118,19,2,8,57,54,82,5,0,12,6,0.254,0.335,0.356,0.691,3.28,2.58,0.7,94.6,0.109,0.10150375939849623,0.15413533834586465,0.015037593984962405,0.10199999999999998,89,0.3087218045112783,569,0.10896309314586995,0.18804920913884007,0.043936731107205626,0.20099999999999996,0.36105448154657294,0.357,0.47,139.8,6.52,5.96
10475,오지환,2022,22 SS,142,569,494,75,133,16,4,25,87,62,107,7,2,20,7,0.269,0.357,0.47,0.827,6.52,5.96,0.56,139.8,0.155,0.10896309314586995,0.18804920913884007,0.043936731107205626,0.20099999999999996,88,0.36105448154657294,502,0.12749003984063745,0.16334661354581673,0.01593625498007968,0.128,0.341593625498008,0.371,0.396,127.0,5.17,4.82
10485,박용택,2016,16 DH,138,578,509,84,176,24,0,11,90,58,71,4,5,6,6,0.346,0.412,0.458,0.87,3.34,2.93,0.41,129.7,0.171,0.10034602076124567,0.12283737024221453,0.01903114186851211,0.11200000000000004,141,0.38403114186851206,596,0.12080536912751678,0.1476510067114094,0.02348993288590604,0.135,0.39746644295302014,0.424,0.479,143.2,3.89,3.81
10485,박용택,2017,17 DH,138,596,509,83,175,23,2,14,90,72,88,6,6,4,2,0.344,0.424,0.479,0.903,3.89,3.81,0.08,143.2,0.181,0.12080536912751678,0.1476510067114094,0.02348993288590604,0.135,136,0.39746644295302014,583,0.08061749571183534,0.1835334476843911,0.025728987993138937,0.16300000000000003,0.3616809605488851,0.362,0.466,113.2,1.65,1.55
10555,송광민,2016,16 3B,116,494,449,80,146,27,2,17,83,28,86,4,0,3,0,0.325,0.366,0.508,0.874,2.69,2.57,0.12,111.9,0.158,0.05668016194331984,0.17408906882591094,0.03441295546558704,0.183,100,0.37334008097165994,473,0.04439746300211417,0.18604651162790697,0.02748414376321353,0.14899999999999997,0.35841437632135315,0.356,0.476,110.4,3.34,2.52
10559,이범호,2016,16 3B,138,560,484,93,150,23,0,33,108,60,57,9,7,1,1,0.31,0.391,0.562,0.953,4.2,4.37,-0.17,132.9,0.185,0.10714285714285714,0.10178571428571428,0.05892857142857143,0.25200000000000006,94,0.41080357142857143,447,0.116331096196868,0.18120805369127516,0.05592841163310962,0.23299999999999998,0.3781879194630873,0.365,0.505,117.4,2.15,2.87
10627,유한준,2016,16 RF,110,460,408,70,137,22,0,14,64,47,40,2,1,4,1,0.336,0.404,0.493,0.897,2.02,2.72,-0.7,121.7,0.176,0.10217391304347827,0.08695652173913043,0.030434782608695653,0.15699999999999997,101,0.39369565217391306,497,0.09054325955734406,0.11871227364185111,0.026156941649899398,0.13,0.35509054325955736,0.37,0.436,104.2,1.49,1.67
10627,유한준,2017,17 RF,133,497,445,52,136,19,0,13,68,45,59,2,2,0,2,0.306,0.37,0.436,0.806,1.49,1.67,-0.18,104.2,0.142,0.09054325955734406,0.11871227364185111,0.026156941649899398,0.13,104,0.35509054325955736,480,0.09791666666666667,0.11041666666666666,0.041666666666666664,0.194,0.4079791666666666,0.406,0.533,137.5,3.07,3.5
10627,유한준,2018,18 RF,121,480,428,59,145,21,1,20,83,47,53,2,3,1,1,0.339,0.406,0.533,0.939,3.07,3.5,-0.43,137.5,0.194,0.09791666666666667,0.11041666666666666,0.041666666666666664,0.194,103,0.4079791666666666,562,0.09252669039145907,0.10854092526690391,0.02491103202846975,0.126,0.36505338078291816,0.383,0.443,131.5,3.0,3.18
10643,김재환,2016,16 LF,134,568,492,107,160,32,3,37,124,71,107,0,3,8,2,0.325,0.407,0.628,1.035,5.9,6.29,-0.39,162.3,0.214,0.125,0.18838028169014084,0.06514084507042253,0.303,88,0.4410387323943662,636,0.12735849056603774,0.19339622641509435,0.055031446540880505,0.26299999999999996,0.4438836477987421,0.429,0.603,169.9,7.21,7.56
10643,김재환,2017,17 LF,144,636,544,110,185,34,2,35,115,81,123,7,10,4,1,0.34,0.429,0.603,1.032,7.21,7.56,-0.35,169.9,0.214,0.12735849056603774,0.19339622641509435,0.055031446540880505,0.26299999999999996,114,0.4438836477987421,602,0.09800664451827243,0.22259136212624583,0.07308970099667775,0.323,0.4509634551495017,0.405,0.657,169.6,6.71,7.3
10643,김재환,2018,18 LF,139,602,527,104,176,36,1,44,133,59,134,9,4,2,0,0.334,0.405,0.657,1.062,6.71,7.3,-0.59,169.6,0.225,0.09800664451827243,0.22259136212624583,0.07308970099667775,0.323,95,0.4509634551495017,574,0.10975609756097561,0.19686411149825783,0.02613240418118467,0.15100000000000002,0.35029616724738677,0.362,0.434,129.3,3.14,3.44
10643,김재환,2019,19 LF,136,574,495,76,140,20,5,15,91,63,113,5,5,3,1,0.283,0.362,0.434,0.796,3.14,3.44,-0.29,129.3,0.143,0.10975609756097561,0.19686411149825783,0.02613240418118467,0.15100000000000002,100,0.35029616724738677,614,0.1482084690553746,0.250814332247557,0.048859934853420196,0.22799999999999998,0.3784201954397394,0.373,0.494,136.9,3.98,4.55
10643,김재환,2020,20 LF,140,614,516,82,137,26,1,30,113,91,154,1,3,6,0,0.266,0.373,0.494,0.867,3.98,4.55,-0.57,136.9,0.168,0.1482084690553746,0.250814332247557,0.048859934853420196,0.22799999999999998,80,0.3784201954397394,566,0.1431095406360424,0.22438162544169613,0.04770318021201413,0.22699999999999998,0.38526501766784454,0.382,0.501,151.7,4.32,4.96
10643,김재환,2021,21 LF,137,566,475,86,130,23,2,27,102,81,127,5,3,2,3,0.274,0.382,0.501,0.883,4.32,4.96,-0.65,151.7,0.175,0.1431095406360424,0.22438162544169613,0.04770318021201413,0.22699999999999998,78,0.38526501766784454,517,0.11798839458413926,0.2572533849129594,0.04448742746615087,0.21200000000000002,0.35094777562862667,0.34,0.46,129.8,2.5,3.05
10643,김재환,2022,22 LF,128,517,448,64,111,24,1,23,72,61,133,4,4,2,1,0.248,0.34,0.46,0.8,2.5,3.05,-0.55,129.8,0.144,0.11798839458413926,0.2572533849129594,0.04448742746615087,0.21200000000000002,63,0.35094777562862667,484,0.1487603305785124,0.2066115702479339,0.02066115702479339,0.11100000000000002,0.3105165289256198,0.343,0.331,98.8,0.45,0.81
10643,김재환,2023,23 DH,132,484,405,40,89,15,0,10,46,72,100,5,4,3,1,0.22,0.343,0.331,0.674,0.45,0.81,-0.36,98.8,0.111,0.1487603305785124,0.2066115702479339,0.02066115702479339,0.11100000000000002,64,0.3105165289256198,552,0.11413043478260869,0.30434782608695654,0.05253623188405797,0.24200000000000005,0.3854710144927536,0.368,0.525,132.0,3.19,3.47
10648,김문호,2016,16 LF,140,599,526,77,171,28,3,7,70,62,70,6,1,12,15,0.325,0.401,0.43,0.831,1.05,1.99,-0.94,108.6,0.158,0.10350584307178631,0.11686143572621036,0.011686143572621035,0.10499999999999998,133,0.3682637729549249,448,0.08258928571428571,0.16294642857142858,0.004464285714285714,0.064,0.32580357142857136,0.372,0.356,87.5,1.16,0.89
10659,고종욱,2016,16 LF,133,566,527,92,176,22,9,8,72,28,103,5,1,28,14,0.334,0.37,0.455,0.825,1.99,1.99,0.0,104.7,0.149,0.04946996466431095,0.18197879858657243,0.014134275618374558,0.121,137,0.3607243816254418,453,0.04856512141280353,0.20309050772626933,0.017660044150110375,0.15000000000000002,0.3539735099337749,0.349,0.462,102.0,0.99,1.38
10753,유강남,2018,18 C,132,465,425,53,126,33,0,19,66,28,80,9,1,0,0,0.296,0.352,0.508,0.86,3.37,3.4,-0.04,118.1,0.156,0.060215053763440864,0.17204301075268819,0.04086021505376344,0.21200000000000002,74,0.3730537634408602,468,0.0641025641025641,0.1752136752136752,0.03418803418803419,0.16799999999999998,0.3383547008547008,0.334,0.438,118.2,3.52,3.54
10753,유강남,2019,19 C,132,468,418,44,113,22,0,16,49,30,82,13,2,0,0,0.27,0.334,0.438,0.772,3.52,3.54,-0.02,118.2,0.131,0.0641025641025641,0.1752136752136752,0.03418803418803419,0.16799999999999998,75,0.3383547008547008,478,0.06694560669456066,0.17573221757322174,0.03347280334728033,0.15399999999999997,0.32912133891213385,0.33,0.415,100.0,2.75,2.52
10815,한동민,2018,18 RF,136,562,486,97,138,31,0,41,115,52,124,16,3,4,2,0.284,0.367,0.601,0.968,3.7,3.43,0.27,129.4,0.187,0.09252669039145907,0.2206405693950178,0.07295373665480427,0.317,66,0.41211743772241993,502,0.10956175298804781,0.199203187250996,0.02390438247011952,0.131,0.3486852589641435,0.375,0.396,119.1,1.9,2.32
10815,한유섬,2021,21 RF,135,519,442,71,123,18,1,31,95,60,96,10,4,1,0,0.278,0.373,0.534,0.907,3.85,3.8,0.05,142.0,0.179,0.11560693641618497,0.18497109826589594,0.05973025048169557,0.256,73,0.39142581888246636,545,0.12110091743119267,0.25137614678899084,0.03853211009174312,0.21399999999999997,0.37326605504587157,0.372,0.478,138.7,4.53,4.06
10855,서건창,2016,16 2B,140,646,560,111,182,30,7,7,63,69,58,10,2,26,13,0.325,0.406,0.441,0.847,4.59,4.13,0.47,117.8,0.166,0.10681114551083591,0.08978328173374613,0.010835913312693499,0.11599999999999999,138,0.37425696594427244,615,0.10894308943089431,0.11056910569105691,0.00975609756097561,0.09699999999999998,0.36804878048780487,0.403,0.429,117.9,4.07,4.21
10855,서건창,2019,19 2B,113,486,426,67,128,23,3,2,41,49,50,3,1,17,3,0.3,0.373,0.383,0.756,2.44,2.69,-0.25,117.0,0.133,0.10082304526748971,0.102880658436214,0.00411522633744856,0.08300000000000002,100,0.3358847736625515,595,0.15294117647058825,0.09747899159663866,0.008403361344537815,0.10899999999999999,0.34620168067226886,0.39,0.386,117.3,2.87,2.64
10855,서건창,2020,20 2B,135,595,484,79,134,28,5,5,52,91,58,5,1,24,10,0.277,0.39,0.386,0.776,2.87,2.64,0.23,117.3,0.149,0.15294117647058825,0.09747899159663866,0.008403361344537815,0.10899999999999999,96,0.34620168067226886,600,0.115,0.13,0.01,0.09000000000000002,0.31271666666666664,0.35,0.343,97.6,3.17,2.69
10881,이승엽,2016,16 DH,142,623,542,91,164,32,2,27,118,65,89,8,1,5,2,0.303,0.38,0.518,0.898,2.66,2.69,-0.02,117.2,0.17,0.1043338683788122,0.14285714285714285,0.04333868378812199,0.21500000000000002,103,0.38982343499197436,533,0.08818011257035648,0.15947467166979362,0.0450281425891182,0.237,0.3720825515947467,0.347,0.517,106.6,1.36,1.24
10892,구자욱,2016,16 1B,108,495,428,105,147,19,13,14,77,55,68,5,1,10,5,0.343,0.42,0.547,0.967,4.23,3.97,0.26,140.9,0.203,0.1111111111111111,0.13737373737373737,0.028282828282828285,0.20400000000000001,101,0.4162222222222222,647,0.0973724884080371,0.2132921174652241,0.03245749613601236,0.21700000000000003,0.39250386398763526,0.383,0.527,120.7,4.14,4.25
10892,구자욱,2017,17 RF,144,647,564,108,175,39,10,21,107,63,138,10,1,10,4,0.31,0.383,0.527,0.91,4.14,4.25,-0.11,120.7,0.169,0.0973724884080371,0.2132921174652241,0.03245749613601236,0.21700000000000003,105,0.39250386398763526,529,0.08128544423440454,0.20793950850661624,0.03780718336483932,0.2,0.40172022684310016,0.392,0.533,123.7,3.1,3.37
10892,구자욱,2018,18 RF,116,529,478,100,159,26,5,20,84,43,110,5,2,10,0,0.333,0.392,0.533,0.925,3.1,3.37,-0.28,123.7,0.182,0.08128544423440454,0.20793950850661624,0.03780718336483932,0.2,108,0.40172022684310016,526,0.07224334600760456,0.16730038022813687,0.028517110266159697,0.177,0.33665399239543725,0.327,0.444,104.1,2.54,2.07
10892,구자욱,2019,19 RF,122,526,475,66,127,27,6,15,71,38,88,7,2,11,3,0.267,0.327,0.444,0.771,2.54,2.07,0.47,104.1,0.13,0.07224334600760456,0.16730038022813687,0.028517110266159697,0.177,79,0.33665399239543725,510,0.1,0.1784313725490196,0.029411764705882353,0.17099999999999999,0.3779411764705882,0.385,0.478,121.2,3.3,3.04
10892,구자욱,2020,20 RF,118,510,446,70,137,27,2,15,78,51,91,8,3,19,5,0.307,0.385,0.478,0.863,3.3,3.04,0.26,121.2,0.168,0.1,0.1784313725490196,0.029411764705882353,0.17099999999999999,93,0.3779411764705882,610,0.07868852459016394,0.16065573770491803,0.036065573770491806,0.21300000000000002,0.3778688524590164,0.361,0.519,129.8,4.9,4.4
10892,구자욱,2023,23 RF,119,515,453,65,152,37,1,11,71,53,81,4,2,12,4,0.336,0.407,0.494,0.901,5.43,5.02,0.41,154.3,0.185,0.1029126213592233,0.15728155339805824,0.021359223300970873,0.15799999999999997,103,0.3938446601941748,568,0.09683098591549295,0.12852112676056338,0.058098591549295774,0.284,0.44450704225352117,0.417,0.627,162.3,5.88,5.79
10892,구자욱,2024,24 LF,129,568,493,92,169,39,1,33,115,55,73,12,4,13,4,0.343,0.417,0.627,1.044,5.88,5.79,0.08,162.3,0.228,0.09683098591549295,0.12852112676056338,0.058098591549295774,0.284,96,0.44450704225352117,616,0.1185064935064935,0.14772727272727273,0.030844155844155844,0.197,0.39800324675324683,0.402,0.516,143.6,4.48,5.11
10894,류지혁,2022,22 3B,127,477,405,55,111,19,2,2,48,56,83,6,0,8,4,0.274,0.369,0.346,0.715,2.02,2.23,-0.21,109.6,0.126,0.11740041928721175,0.1740041928721174,0.0041928721174004195,0.07199999999999995,88,0.32044025157232703,522,0.08812260536398467,0.13984674329501914,0.0038314176245210726,0.04199999999999998,0.2911302681992337,0.34,0.31,84.8,0.4,1.03
11087,강승호,2022,22 2B,134,487,444,54,117,28,1,10,62,29,100,3,0,13,5,0.264,0.31,0.399,0.709,2.88,2.42,0.47,98.0,0.109,0.059548254620123205,0.2053388090349076,0.02053388090349076,0.135,78,0.3075359342915811,459,0.058823529411764705,0.23965141612200436,0.015250544662309368,0.122,0.30812636165577345,0.316,0.387,98.3,1.54,1.47
11087,강승호,2023,23 2B,127,459,419,51,111,18,6,7,59,27,110,6,0,13,6,0.265,0.316,0.387,0.703,1.54,1.47,0.07,98.3,0.11,0.058823529411764705,0.23965141612200436,0.015250544662309368,0.122,80,0.30812636165577345,566,0.05653710247349823,0.2791519434628975,0.03180212014134275,0.19599999999999995,0.34782685512367495,0.328,0.476,104.3,3.83,3.02
11137,박민우,2016,16 2B,121,515,435,84,149,16,6,3,55,55,70,8,1,20,6,0.343,0.42,0.428,0.848,4.0,4.01,-0.01,124.2,0.17,0.10679611650485436,0.13592233009708737,0.005825242718446602,0.08499999999999996,124,0.3697281553398058,452,0.10176991150442478,0.11283185840707964,0.00663716814159292,0.10899999999999999,0.40088495575221245,0.441,0.472,143.7,4.89,5.06
11137,박민우,2017,17 2B,106,452,388,84,141,25,4,3,47,46,51,11,0,11,1,0.363,0.441,0.472,0.913,4.89,5.06,-0.17,143.7,0.192,0.10176991150442478,0.11283185840707964,0.00663716814159292,0.10899999999999999,109,0.40088495575221245,460,0.06956521739130435,0.1108695652173913,0.010869565217391304,0.11399999999999999,0.3602391304347826,0.383,0.438,107.6,2.69,2.81
11137,박민우,2018,18 2B,115,460,411,68,133,22,5,5,33,32,51,10,3,17,5,0.324,0.383,0.438,0.821,2.69,2.81,-0.12,107.6,0.151,0.06956521739130435,0.1108695652173913,0.010869565217391304,0.11399999999999999,101,0.3602391304347826,526,0.0779467680608365,0.07604562737642585,0.0019011406844106464,0.09000000000000002,0.3685361216730038,0.403,0.434,132.9,5.26,4.95
11137,박민우,2019,19 2B,125,526,468,89,161,23,8,1,45,41,40,9,1,18,7,0.344,0.403,0.434,0.837,5.26,4.95,0.3,132.9,0.162,0.0779467680608365,0.07604562737642585,0.0019011406844106464,0.09000000000000002,129,0.3685361216730038,530,0.06792452830188679,0.09056603773584905,0.01509433962264151,0.13,0.38211320754716976,0.402,0.475,131.0,5.45,4.65
11137,박민우,2022,22 2B,104,451,390,61,104,22,1,4,38,42,55,10,5,21,4,0.267,0.351,0.359,0.71,2.83,2.69,0.14,101.2,0.12,0.09312638580931264,0.12195121951219512,0.008869179600886918,0.09199999999999997,77,0.3163414634146342,509,0.07858546168958742,0.11198428290766209,0.003929273084479371,0.08900000000000002,0.34671905697445976,0.381,0.405,123.4,4.53,4.17
11137,박민우,2023,23 2B,124,509,452,76,143,20,7,2,46,40,57,9,3,26,7,0.316,0.381,0.405,0.786,4.53,4.17,0.36,123.4,0.146,0.07858546168958742,0.11198428290766209,0.003929273084479371,0.08900000000000002,114,0.34671905697445976,528,0.10227272727272728,0.14962121212121213,0.015151515151515152,0.118,0.3754924242424243,0.406,0.446,129.6,4.85,4.26
11137,박민우,2024,24 2B,121,528,457,75,150,26,2,8,50,54,79,9,4,32,7,0.328,0.406,0.446,0.852,4.85,4.26,0.58,129.6,0.172,0.10227272727272728,0.14962121212121213,0.015151515151515152,0.118,114,0.3754924242424243,468,0.09401709401709402,0.13675213675213677,0.00641025641025641,0.124,0.35587606837606844,0.384,0.426,123.3,4.38,3.72
11162,나성범,2016,16 RF,144,653,572,116,177,37,2,22,113,67,136,9,2,7,4,0.309,0.388,0.497,0.885,4.34,3.96,0.38,125.1,0.171,0.10260336906584992,0.2082695252679939,0.033690658499234305,0.188,116,0.3864931087289433,561,0.0855614973262032,0.20677361853832443,0.0427807486631016,0.237,0.4317112299465241,0.415,0.584,153.8,5.9,5.3
11162,나성범,2017,17 RF,125,561,498,103,173,42,2,24,99,48,116,12,10,17,7,0.347,0.415,0.584,0.999,5.9,5.3,0.6,153.8,0.206,0.0855614973262032,0.20677361853832443,0.0427807486631016,0.237,105,0.4317112299465241,620,0.07096774193548387,0.21129032258064517,0.037096774193548385,0.2,0.39095161290322583,0.381,0.518,123.4,4.3,3.79
11162,나성범,2020,20 DH,130,584,525,115,170,37,2,34,112,49,148,9,2,3,1,0.324,0.39,0.596,0.986,5.09,5.12,-0.03,151.4,0.206,0.0839041095890411,0.2534246575342466,0.05821917808219178,0.27199999999999996,97,0.4250856164383562,623,0.060995184590690206,0.24879614767255218,0.052969502407704656,0.22799999999999998,0.36632423756019267,0.335,0.509,121.4,3.02,3.26
11162,나성범,2021,21 DH,144,623,570,96,160,29,1,33,101,38,155,11,2,1,2,0.281,0.335,0.509,0.844,3.02,3.26,-0.24,121.4,0.152,0.060995184590690206,0.24879614767255218,0.052969502407704656,0.22799999999999998,97,0.36632423756019267,649,0.09861325115562404,0.2110939907550077,0.032357473035439135,0.188,0.3979815100154084,0.402,0.508,161.8,7.16,6.83
11172,권희동,2024,24 LF,123,511,416,66,125,22,1,13,77,77,63,10,1,4,0,0.3,0.417,0.452,0.869,3.89,3.6,0.29,137.9,0.182,0.1506849315068493,0.1232876712328767,0.025440313111545987,0.15200000000000002,89,0.38434442270058716,456,0.16885964912280702,0.17543859649122806,0.013157894736842105,0.11699999999999999,0.3415570175438596,0.393,0.363,124.8,2.76,2.62
11190,박해민,2016,16 CF,141,641,564,109,169,26,12,4,61,49,87,3,2,52,15,0.3,0.357,0.41,0.767,2.82,2.08,0.74,90.9,0.131,0.07644305772230889,0.1357254290171607,0.0062402496099844,0.10999999999999999,127,0.32739469578783154,638,0.07836990595611286,0.12225705329153605,0.0109717868338558,0.10900000000000004,0.31851097178683385,0.338,0.393,75.8,1.88,1.11
11190,박해민,2017,17 CF,144,638,570,96,162,25,8,7,54,50,78,1,0,40,12,0.284,0.338,0.393,0.731,1.88,1.11,0.77,75.8,0.107,0.07836990595611286,0.12225705329153605,0.0109717868338558,0.10900000000000004,122,0.31851097178683385,649,0.08628659476117104,0.15254237288135594,0.01386748844375963,0.133,0.3443297380585516,0.36,0.432,94.1,3.0,2.53
11190,박해민,2018,18 CF,144,649,576,114,172,30,10,9,68,56,99,3,0,36,10,0.299,0.36,0.432,0.792,3.0,2.53,0.48,94.1,0.14,0.08628659476117104,0.15254237288135594,0.01386748844375963,0.133,123,0.3443297380585516,581,0.09982788296041308,0.14113597246127366,0.008605851979345954,0.08900000000000002,0.2863855421686747,0.318,0.328,76.5,2.17,1.01
11190,박해민,2019,19 CF,144,581,506,64,121,16,7,5,44,58,82,2,0,24,7,0.239,0.318,0.328,0.646,2.17,1.01,1.15,76.5,0.095,0.09982788296041308,0.14113597246127366,0.008605851979345954,0.08900000000000002,93,0.2863855421686747,541,0.07208872458410351,0.1423290203327172,0.02033271719038817,0.125,0.33133086876155265,0.345,0.415,93.5,3.36,1.96
11190,박해민,2020,20 CF,132,541,489,84,142,18,5,11,55,39,77,3,1,34,12,0.29,0.345,0.415,0.76,3.36,1.96,1.4,93.5,0.129,0.07208872458410351,0.1423290203327172,0.02033271719038817,0.125,108,0.33133086876155265,542,0.12730627306273062,0.15129151291512916,0.00922509225092251,0.08600000000000002,0.33651291512915127,0.383,0.377,109.6,3.45,3.08
11190,박해민,2021,21 CF,127,542,454,78,132,22,1,5,54,69,82,3,2,36,15,0.291,0.383,0.377,0.76,3.45,3.08,0.37,109.6,0.14,0.12730627306273062,0.15129151291512916,0.00922509225092251,0.08600000000000002,104,0.33651291512915127,636,0.06918238993710692,0.13364779874213836,0.0047169811320754715,0.07900000000000001,0.3156603773584906,0.347,0.368,107.0,4.3,3.13
11190,박해민,2022,22 CF,144,636,570,97,165,20,8,3,49,44,85,9,0,24,6,0.289,0.347,0.368,0.715,4.3,3.13,1.17,107.0,0.118,0.06918238993710692,0.13364779874213836,0.0047169811320754715,0.07900000000000001,134,0.3156603773584906,558,0.08064516129032258,0.13261648745519714,0.010752688172043012,0.07400000000000001,0.3047849462365591,0.348,0.359,103.4,3.46,2.54
11190,박해민,2023,23 CF,144,558,485,80,138,14,2,6,59,45,74,3,0,26,12,0.285,0.348,0.359,0.707,3.46,2.54,0.92,103.4,0.117,0.08064516129032258,0.13261648745519714,0.010752688172043012,0.07400000000000001,116,0.3047849462365591,553,0.08318264014466546,0.18264014466546113,0.0108499095840868,0.09599999999999997,0.30815551537070524,0.336,0.359,86.1,2.1,1.5
11190,박해민,2024,24 CF,144,553,482,72,127,16,6,6,56,46,101,11,0,43,13,0.263,0.336,0.359,0.695,2.1,1.5,0.59,86.1,0.112,0.08318264014466546,0.18264014466546113,0.0108499095840868,0.09599999999999997,99,0.30815551537070524,544,0.125,0.17279411764705882,0.0055147058823529415,0.06999999999999995,0.3183639705882353,0.379,0.346,115.7,4.55,3.36
11212,배정대,2020,20 CF,144,615,533,88,154,25,3,13,65,68,142,5,0,22,13,0.289,0.372,0.42,0.792,4.09,3.57,0.52,111.2,0.147,0.11056910569105691,0.23089430894308943,0.02113821138211382,0.131,113,0.3495934959349594,595,0.1092436974789916,0.2218487394957983,0.020168067226890758,0.119,0.32766386554621857,0.353,0.378,102.0,3.02,2.65
11212,배정대,2021,21 CF,144,595,510,85,132,23,1,12,68,65,132,12,2,19,7,0.259,0.353,0.378,0.731,3.02,2.65,0.37,102.0,0.128,0.1092436974789916,0.2218487394957983,0.020168067226890758,0.119,96,0.32766386554621857,575,0.09391304347826086,0.21913043478260869,0.010434782608695653,0.08999999999999997,0.3097913043478261,0.339,0.356,92.8,2.09,2.2
11213,양석환,2021,21 3B,133,546,488,66,133,22,0,28,96,42,136,9,2,2,3,0.273,0.337,0.49,0.827,2.4,2.83,-0.43,127.3,0.147,0.07692307692307693,0.2490842490842491,0.05128205128205128,0.21699999999999997,83,0.35910256410256414,446,0.07174887892376682,0.226457399103139,0.04484304932735426,0.188,0.3261883408071749,0.309,0.432,108.9,0.93,1.4
11213,양석환,2022,22 1B,107,446,405,58,99,14,1,20,51,32,101,7,3,1,0,0.244,0.309,0.432,0.741,0.93,1.4,-0.48,108.9,0.121,0.07174887892376682,0.226457399103139,0.04484304932735426,0.188,64,0.3261883408071749,582,0.070446735395189,0.22852233676975944,0.03608247422680412,0.173,0.34276632302405496,0.333,0.454,119.4,2.92,2.51
11213,양석환,2023,23 1B,140,582,524,73,147,28,0,21,89,41,133,6,3,4,0,0.281,0.333,0.454,0.787,2.92,2.51,0.41,119.4,0.135,0.070446735395189,0.22852233676975944,0.03608247422680412,0.173,98,0.34276632302405496,593,0.08263069139966273,0.21585160202360876,0.05733558178752108,0.242,0.348752107925801,0.316,0.488,104.5,2.24,1.86
11215,채은성,2018,18 RF,139,578,529,78,175,36,2,25,119,35,97,9,1,3,1,0.331,0.379,0.548,0.927,3.57,4.4,-0.83,136.4,0.181,0.06055363321799308,0.16782006920415224,0.04325259515570934,0.21700000000000003,112,0.4009861591695502,514,0.04669260700389105,0.1303501945525292,0.023346303501945526,0.119,0.34826848249027237,0.358,0.434,127.0,3.03,2.91
11215,채은성,2019,19 RF,128,514,470,59,148,18,1,12,72,24,67,12,1,2,2,0.315,0.358,0.434,0.792,3.03,2.91,0.12,127.0,0.139,0.04669260700389105,0.1303501945525292,0.023346303501945526,0.119,117,0.34826848249027237,464,0.06896551724137931,0.14870689655172414,0.032327586206896554,0.15900000000000003,0.35174568965517244,0.351,0.452,115.8,1.62,1.79
11215,채은성,2020,20 RF,109,464,416,59,122,17,2,15,88,32,69,9,1,0,3,0.293,0.351,0.452,0.803,1.62,1.79,-0.17,115.8,0.142,0.06896551724137931,0.14870689655172414,0.032327586206896554,0.15900000000000003,88,0.35174568965517244,448,0.08482142857142858,0.17857142857142858,0.03571428571428571,0.176,0.35698660714285707,0.359,0.452,128.9,2.41,2.62
11215,채은성,2021,21 RF,110,448,387,59,107,20,0,16,82,38,80,16,2,4,2,0.276,0.359,0.452,0.811,2.41,2.62,-0.21,128.9,0.148,0.08482142857142858,0.17857142857142858,0.03571428571428571,0.176,71,0.35698660714285707,526,0.051330798479087454,0.16730038022813687,0.022813688212927757,0.14100000000000001,0.34682509505703424,0.354,0.437,128.1,2.19,2.19
11215,채은성,2022,22 1B,126,526,467,48,138,26,2,12,83,27,88,21,3,6,7,0.296,0.354,0.437,0.791,2.19,2.19,0.0,128.1,0.142,0.051330798479087454,0.16730038022813687,0.022813688212927757,0.14100000000000001,98,0.34682509505703424,596,0.087248322147651,0.17114093959731544,0.03859060402684564,0.16499999999999998,0.3464765100671141,0.351,0.428,117.0,1.85,2.01
11215,채은성,2023,23 1B,137,596,521,71,137,17,0,23,84,52,102,20,8,0,0,0.263,0.351,0.428,0.779,1.85,2.01,-0.16,117.0,0.138,0.087248322147651,0.17114093959731544,0.03859060402684564,0.16499999999999998,97,0.3464765100671141,498,0.09839357429718876,0.16666666666666666,0.040160642570281124,0.192,0.3572489959839357,0.351,0.463,108.9,1.18,1.36
11215,채은성,2024,24 1B,124,498,436,61,118,24,0,20,83,49,83,8,1,1,1,0.271,0.351,0.463,0.814,1.18,1.36,-0.18,108.9,0.147,0.09839357429718876,0.16666666666666666,0.040160642570281124,0.192,74,0.3572489959839357,527,0.058823529411764705,0.18216318785578747,0.036053130929791274,0.17900000000000005,0.3558823529411765,0.347,0.467,118.4,1.37,1.95
11224,김하성,2016,16 SS,144,599,526,92,148,29,7,20,84,60,80,6,2,28,15,0.281,0.358,0.477,0.835,3.79,3.73,0.06,104.8,0.148,0.1001669449081803,0.1335559265442404,0.0333889816360601,0.19599999999999995,92,0.3635559265442404,601,0.09650582362728785,0.10815307820299501,0.03826955074875208,0.21100000000000002,0.384342762063228,0.376,0.513,124.6,5.96,5.35
11224,김하성,2017,17 SS,141,601,526,90,159,36,3,23,114,58,65,8,2,16,8,0.302,0.376,0.513,0.889,5.96,5.35,0.61,124.6,0.167,0.09650582362728785,0.10815307820299501,0.03826955074875208,0.21100000000000002,97,0.384342762063228,576,0.09375,0.140625,0.034722222222222224,0.186,0.36296875,0.358,0.474,109.2,4.27,3.81
11224,김하성,2018,18 SS,129,576,511,95,147,27,4,20,84,54,81,5,2,8,2,0.288,0.358,0.474,0.832,4.27,3.81,0.46,109.2,0.151,0.09375,0.140625,0.034722222222222224,0.186,96,0.36296875,625,0.112,0.128,0.0304,0.184,0.383952,0.389,0.491,150.2,7.27,7.65
11224,김하성,2019,19 SS,139,625,540,112,166,38,2,19,104,70,80,7,4,33,4,0.307,0.389,0.491,0.88,7.27,7.65,-0.38,150.2,0.171,0.112,0.128,0.0304,0.184,107,0.383952,622,0.12057877813504823,0.10932475884244373,0.04823151125401929,0.21700000000000003,0.39988745980707396,0.397,0.523,148.7,7.27,7.22
11261,박찬호,2021,21 SS,131,483,418,51,103,15,5,1,59,54,73,0,0,9,4,0.246,0.331,0.313,0.644,1.59,1.45,0.14,77.2,0.095,0.11180124223602485,0.15113871635610765,0.002070393374741201,0.067,82,0.28879917184265014,566,0.10070671378091872,0.11837455830388692,0.007067137809187279,0.069,0.3047879858657244,0.344,0.341,94.1,3.53,3.26
11261,박찬호,2022,22 SS,130,566,493,81,134,22,0,4,45,57,67,1,0,42,8,0.272,0.344,0.341,0.685,3.53,3.26,0.27,94.1,0.108,0.10070671378091872,0.11837455830388692,0.007067137809187279,0.069,108,0.3047879858657244,507,0.07889546351084813,0.11045364891518737,0.005917159763313609,0.07700000000000001,0.32242603550295856,0.356,0.378,109.5,4.23,3.77
11261,박찬호,2023,23 SS,130,507,452,73,136,18,4,3,52,40,56,2,0,30,8,0.301,0.356,0.378,0.734,4.23,3.77,0.46,109.5,0.127,0.07889546351084813,0.11045364891518737,0.005917159763313609,0.07700000000000001,111,0.32242603550295856,577,0.0831889081455806,0.07625649913344887,0.008665511265164644,0.07900000000000001,0.3299133448873483,0.363,0.386,95.7,2.87,2.67
11261,박찬호,2024,24 SS,134,577,515,86,158,24,1,5,61,48,44,1,1,20,13,0.307,0.363,0.386,0.749,2.87,2.67,0.2,95.7,0.129,0.0831889081455806,0.07625649913344887,0.008665511265164644,0.07900000000000001,128,0.3299133448873483,595,0.10420168067226891,0.11596638655462185,0.008403361344537815,0.07200000000000001,0.3210252100840336,0.363,0.359,107.3,4.56,4.25
11334,심우준,2020,20 SS,144,535,476,58,112,16,3,3,51,37,98,2,0,35,11,0.235,0.291,0.3,0.591,0.12,0.15,-0.03,52.2,0.069,0.0691588785046729,0.18317757009345795,0.005607476635514018,0.065,90,0.2589719626168224,460,0.06956521739130435,0.14130434782608695,0.013043478260869565,0.10299999999999998,0.3006304347826087,0.323,0.371,81.0,2.4,1.94
11334,심우준,2021,21 SS,139,460,407,61,109,20,2,6,48,32,65,4,0,16,6,0.268,0.323,0.371,0.694,2.4,1.94,0.45,81.0,0.102,0.06956521739130435,0.14130434782608695,0.013043478260869565,0.10299999999999998,81,0.3006304347826087,449,0.0957683741648107,0.16703786191536749,0.008908685968819599,0.062,0.27443207126948777,0.316,0.302,70.5,1.31,1.42
11376,송성문,2024,24 3B,142,602,527,88,179,29,4,19,104,64,82,3,2,21,0,0.34,0.409,0.518,0.927,6.33,6.03,0.29,148.9,0.191,0.10631229235880399,0.1362126245847176,0.03156146179401993,0.178,127,0.4029235880398671,646,0.10526315789473684,0.14860681114551083,0.04024767801857585,0.21500000000000002,0.39809597523219814,0.387,0.53,164.1,8.58,7.54
12511,로사리오,2016,16 1B,127,532,492,78,158,31,2,33,120,33,90,4,3,1,3,0.321,0.367,0.593,0.96,2.41,2.79,-0.38,130.4,0.184,0.06203007518796992,0.16917293233082706,0.06203007518796992,0.27199999999999996,92,0.4124812030075188,510,0.09803921568627451,0.11960784313725491,0.07254901960784314,0.322,0.456843137254902,0.414,0.661,172.0,5.24,5.5
12516,이형종,2018,18 LF,118,485,437,83,138,27,0,13,42,31,82,12,0,6,4,0.316,0.377,0.467,0.844,2.69,3.0,-0.31,120.2,0.158,0.06391752577319587,0.16907216494845362,0.026804123711340205,0.15100000000000002,98,0.3687422680412371,482,0.08713692946058091,0.16182572614107885,0.026970954356846474,0.15600000000000003,0.34970954356846473,0.358,0.442,129.0,3.34,2.78
12517,에반스,2016,16 1B,118,481,400,69,123,31,0,24,81,69,90,5,0,0,0,0.308,0.41,0.565,0.975,4.16,4.29,-0.13,148.7,0.197,0.14345114345114346,0.18711018711018712,0.0498960498960499,0.25699999999999995,68,0.4189189189189189,581,0.10499139414802065,0.1962134251290878,0.04647160068846816,0.194,0.3776592082616179,0.372,0.49,128.0,3.11,2.74
12534,최원준,2024,24 CF,136,508,438,75,128,23,3,9,56,50,66,8,0,21,9,0.292,0.371,0.42,0.791,2.24,2.5,-0.26,110.1,0.147,0.0984251968503937,0.12992125984251968,0.017716535433070866,0.128,93,0.3464566929133859,449,0.051224944320712694,0.15812917594654788,0.013363028953229399,0.09000000000000002,0.2752338530066815,0.289,0.332,64.5,-1.28,-0.13
12546,홍창기,2020,20 RF,135,507,408,87,114,29,6,5,39,83,87,10,1,11,5,0.279,0.411,0.417,0.828,4.59,3.92,0.67,138.7,0.171,0.16370808678500987,0.17159763313609466,0.009861932938856016,0.13799999999999996,74,0.369585798816568,651,0.1674347158218126,0.14592933947772657,0.006144393241167435,0.07999999999999996,0.3932258064516129,0.456,0.408,164.4,7.14,7.25
12546,홍창기,2021,21 CF,144,651,524,103,172,26,2,4,52,109,95,16,4,23,8,0.328,0.456,0.408,0.864,7.14,7.25,-0.1,164.4,0.19,0.1674347158218126,0.14592933947772657,0.006144393241167435,0.07999999999999996,140,0.3932258064516129,525,0.11238095238095239,0.14285714285714285,0.0019047619047619048,0.069,0.3371238095238095,0.39,0.355,128.2,3.64,2.89
12546,홍창기,2022,22 RF,118,525,437,76,125,19,4,1,51,59,75,19,0,13,4,0.286,0.39,0.355,0.745,3.64,2.89,0.75,128.2,0.141,0.11238095238095239,0.14285714285714285,0.0019047619047619048,0.069,101,0.3371238095238095,643,0.1368584758942457,0.1290824261275272,0.0015552099533437014,0.07999999999999996,0.38474339035769833,0.444,0.412,161.3,6.89,5.96
12546,홍창기,2023,23 RF,141,643,524,109,174,35,2,1,65,88,83,22,3,23,23,0.332,0.444,0.412,0.856,6.89,5.96,0.93,161.3,0.183,0.1368584758942457,0.1290824261275272,0.0015552099533437014,0.07999999999999996,136,0.38474339035769833,637,0.15070643642072212,0.14599686028257458,0.007849293563579277,0.07399999999999995,0.38712715855573004,0.447,0.41,142.3,5.23,4.64
12905,김혜성,2020,20 2B,142,553,499,80,142,24,6,7,61,46,94,2,0,25,8,0.285,0.345,0.399,0.744,2.88,2.35,0.53,100.0,0.126,0.08318264014466546,0.16998191681735986,0.012658227848101266,0.11400000000000005,105,0.3282640144665461,635,0.10236220472440945,0.15275590551181104,0.004724409448818898,0.063,0.3311653543307087,0.372,0.367,107.6,4.12,4.58
12905,김혜성,2021,21 SS,144,635,559,99,170,20,3,3,66,65,97,1,3,46,4,0.304,0.372,0.367,0.739,4.12,4.58,-0.46,107.6,0.129,0.10236220472440945,0.15275590551181104,0.004724409448818898,0.063,144,0.3311653543307087,566,0.08303886925795052,0.14664310954063603,0.007067137809187279,0.08500000000000002,0.3448409893992933,0.373,0.403,121.6,5.2,4.35
12905,김혜성,2022,22 2B,129,566,516,81,164,18,7,4,48,47,83,0,3,34,7,0.318,0.373,0.403,0.776,5.2,4.35,0.85,121.6,0.138,0.08303886925795052,0.14664310954063603,0.007067137809187279,0.08500000000000002,135,0.3448409893992933,621,0.09178743961352658,0.12399355877616747,0.011272141706924315,0.11099999999999999,0.3718196457326891,0.396,0.446,141.0,6.09,6.06
12905,김혜성,2023,23 2B,137,621,556,104,186,29,6,7,57,57,77,3,3,25,3,0.335,0.396,0.446,0.842,6.09,6.06,0.03,141.0,0.163,0.09178743961352658,0.12399355877616747,0.011272141706924315,0.11099999999999999,144,0.3718196457326891,567,0.08289241622574955,0.10934744268077601,0.019400352733686066,0.132,0.3688888888888889,0.383,0.458,124.1,5.33,4.63
12906,이정후,2017,17 CF,144,622,552,111,179,29,8,2,47,60,67,6,2,12,4,0.324,0.395,0.417,0.812,2.69,3.16,-0.47,114.2,0.153,0.09646302250803858,0.10771704180064309,0.003215434083601286,0.09299999999999997,140,0.36062700964630223,520,0.08076923076923077,0.11153846153846154,0.011538461538461539,0.122,0.3874038461538462,0.412,0.477,129.2,3.92,3.68
12906,이정후,2018,18 CF,109,520,459,81,163,34,2,6,57,42,58,8,3,11,4,0.355,0.412,0.477,0.889,3.92,3.68,0.24,129.2,0.178,0.08076923076923077,0.11153846153846154,0.011538461538461539,0.122,121,0.3874038461538462,630,0.07142857142857142,0.06349206349206349,0.009523809523809525,0.12,0.3683174603174603,0.386,0.456,141.5,4.64,4.5
12906,이정후,2019,19 LF,140,630,574,91,193,31,10,6,68,45,40,4,0,13,7,0.336,0.386,0.456,0.842,4.64,4.5,0.15,141.5,0.161,0.07142857142857142,0.06349206349206349,0.009523809523809525,0.12,146,0.3683174603174603,617,0.09562398703403566,0.07617504051863858,0.024311183144246355,0.191,0.3972447325769854,0.397,0.524,149.8,6.37,5.55
12906,이정후,2020,20 LF,140,617,544,85,181,49,5,15,101,59,47,4,6,12,2,0.333,0.397,0.524,0.921,6.37,5.55,0.82,149.8,0.189,0.09562398703403566,0.07617504051863858,0.024311183144246355,0.191,112,0.3972447325769854,544,0.11397058823529412,0.06801470588235294,0.012867647058823529,0.16200000000000003,0.41672794117647055,0.438,0.522,171.8,6.49,6.56
12906,이정후,2021,21 RF,123,544,464,78,167,42,6,7,84,62,37,9,1,10,3,0.36,0.438,0.522,0.96,6.49,6.56,-0.07,171.8,0.205,0.11397058823529412,0.06801470588235294,0.012867647058823529,0.16200000000000003,112,0.41672794117647055,627,0.10526315789473684,0.051036682615629984,0.03668261562998405,0.22599999999999998,0.43017543859649127,0.421,0.575,186.4,8.77,8.57
12922,박성한,2021,21 SS,135,471,407,53,123,21,1,4,44,49,73,1,0,12,5,0.302,0.377,0.388,0.765,4.26,4.03,0.24,110.3,0.139,0.1040339702760085,0.15498938428874734,0.008492569002123142,0.08600000000000002,97,0.33450106157112525,564,0.10638297872340426,0.14361702127659576,0.0035460992907801418,0.07600000000000001,0.333563829787234,0.375,0.374,111.6,5.55,4.67
12922,박성한,2022,22 SS,140,564,494,68,147,24,4,2,56,60,81,2,1,12,8,0.298,0.375,0.374,0.749,5.55,4.67,0.87,111.6,0.134,0.10638297872340426,0.14361702127659576,0.0035460992907801418,0.07600000000000001,117,0.333563829787234,529,0.10964083175803403,0.10586011342155009,0.017013232514177693,0.09999999999999998,0.31650283553875236,0.347,0.366,99.7,3.66,3.29
12922,박성한,2023,23 SS,128,529,459,53,122,19,0,9,47,58,56,1,1,4,1,0.266,0.347,0.366,0.713,3.66,3.29,0.37,99.7,0.12,0.10964083175803403,0.10586011342155009,0.017013232514177693,0.09999999999999998,94,0.31650283553875236,564,0.11347517730496454,0.1524822695035461,0.01773049645390071,0.10999999999999999,0.35044326241134754,0.38,0.411,104.0,3.72,3.62
12922,박성한,2024,24 SS,137,564,489,78,147,24,0,10,67,64,86,2,3,13,3,0.301,0.38,0.411,0.791,3.72,3.62,0.1,104.0,0.145,0.11347517730496454,0.1524822695035461,0.01773049645390071,0.10999999999999999,113,0.35044326241134754,538,0.14684014869888476,0.17286245353159851,0.013011152416356878,0.10699999999999998,0.3451672862453532,0.384,0.381,120.8,5.28,4.74
12950,버나디나,2017,17 CF,139,621,557,118,178,26,8,27,111,41,112,11,2,32,7,0.32,0.372,0.54,0.912,4.28,4.71,-0.44,126.2,0.168,0.06602254428341385,0.18035426731078905,0.043478260869565216,0.22000000000000003,117,0.39133655394524963,590,0.10677966101694915,0.17457627118644067,0.03389830508474576,0.177,0.38655932203389837,0.395,0.487,125.3,3.36,4.07
12956,번즈,2017,17 2B,116,468,423,71,128,38,0,15,57,29,100,11,0,10,7,0.303,0.361,0.499,0.86,3.76,2.76,1.0,113.0,0.16,0.06196581196581197,0.21367521367521367,0.03205128205128205,0.196,75,0.3727350427350427,505,0.06534653465346535,0.2633663366336634,0.04554455445544554,0.245,0.3643762376237624,0.329,0.513,101.4,2.57,2.59
12961,러프,2017,17 1B,134,591,515,90,162,38,0,31,124,60,107,12,4,2,2,0.315,0.396,0.569,0.965,4.11,4.2,-0.09,139.5,0.196,0.10152284263959391,0.18104906937394247,0.05245346869712352,0.25399999999999995,93,0.41653130287648055,597,0.10887772194304858,0.17922948073701842,0.05527638190954774,0.27499999999999997,0.4379396984924623,0.419,0.605,140.7,3.96,3.91
12961,러프,2018,18 1B,137,597,506,97,167,32,4,33,125,65,107,18,0,5,3,0.33,0.419,0.605,1.024,3.96,3.91,0.04,140.7,0.209,0.10887772194304858,0.17922948073701842,0.05527638190954774,0.27499999999999997,98,0.4379396984924623,568,0.14084507042253522,0.15316901408450703,0.03873239436619718,0.22300000000000003,0.3951408450704225,0.396,0.515,145.2,4.08,3.76
12991,로맥,2018,18 1B,141,616,528,102,167,19,0,43,107,72,123,10,0,10,5,0.316,0.404,0.597,1.001,5.68,5.07,0.6,146.0,0.211,0.11688311688311688,0.19967532467532467,0.0698051948051948,0.28099999999999997,105,0.4298051948051948,589,0.12393887945670629,0.19864176570458403,0.04923599320882852,0.23199999999999998,0.38176570458404074,0.37,0.508,140.1,3.31,3.79
12991,로맥,2019,19 1B,137,589,504,86,139,28,1,29,95,73,117,6,3,6,3,0.276,0.37,0.508,0.878,3.31,3.79,-0.48,140.1,0.168,0.12393887945670629,0.19864176570458403,0.04923599320882852,0.23199999999999998,81,0.38176570458404074,586,0.1552901023890785,0.19795221843003413,0.05460750853242321,0.26400000000000007,0.4094197952218429,0.399,0.546,146.4,4.61,4.64
12995,로하스,2018,18 CF,144,645,564,114,172,30,1,43,114,71,142,7,4,18,13,0.305,0.388,0.59,0.978,6.55,6.15,0.4,140.9,0.201,0.11007751937984496,0.22015503875968992,0.06666666666666667,0.285,98,0.4205736434108527,578,0.0847750865051903,0.20761245674740483,0.04152249134948097,0.20800000000000002,0.39467128027681664,0.381,0.53,150.8,5.69,5.99
12995,로하스,2019,19 LF,142,578,521,68,168,30,3,24,104,49,120,3,5,4,4,0.322,0.381,0.53,0.911,5.69,5.99,-0.31,150.8,0.177,0.0847750865051903,0.20761245674740483,0.04152249134948097,0.20800000000000002,111,0.39467128027681664,628,0.1035031847133758,0.21019108280254778,0.07484076433121019,0.33100000000000007,0.4645700636942675,0.417,0.68,181.5,9.34,8.85
13056,신민재,2024,24 2B,128,474,387,78,115,11,6,0,40,64,47,5,1,32,11,0.297,0.401,0.357,0.758,2.72,3.19,-0.47,114.2,0.148,0.1350210970464135,0.09915611814345991,0.0,0.06,98,0.33474683544303796,538,0.11524163568773234,0.10594795539033457,0.0018587360594795538,0.069,0.3457434944237918,0.395,0.382,128.8,3.49,4.18
13069,호잉,2018,18 RF,142,590,529,85,162,47,2,30,110,51,93,5,10,23,9,0.306,0.369,0.573,0.942,4.86,4.05,0.81,131.6,0.185,0.08644067796610169,0.1576271186440678,0.05084745762711865,0.26699999999999996,83,0.4043898305084746,525,0.07238095238095238,0.17142857142857143,0.03428571428571429,0.17600000000000005,0.3487428571428572,0.34,0.46,118.7,3.92,3.24
13137,정은원,2021,21 2B,139,608,495,85,140,22,5,6,39,105,105,1,1,19,11,0.283,0.407,0.384,0.791,4.59,4.99,-0.4,132.1,0.159,0.17269736842105263,0.17269736842105263,0.009868421052631578,0.10100000000000003,107,0.3569736842105263,601,0.14143094841930118,0.18136439267886856,0.013311148086522463,0.09399999999999997,0.3358069883527455,0.377,0.368,116.7,3.21,3.78
13137,정은원,2022,22 2B,140,601,508,67,139,20,2,8,49,85,109,1,0,10,6,0.274,0.377,0.368,0.745,3.21,3.78,-0.57,116.7,0.135,0.14143094841930118,0.18136439267886856,0.013311148086522463,0.09399999999999997,109,0.3358069883527455,459,0.13507625272331156,0.15904139433551198,0.004357298474945534,0.04600000000000001,0.2798692810457516,0.333,0.268,76.1,0.76,0.86
13145,한동희,2020,20 3B,135,531,461,62,128,22,0,17,67,57,97,5,0,0,3,0.278,0.361,0.436,0.797,2.38,1.99,0.39,106.6,0.146,0.10734463276836158,0.18267419962335216,0.032015065913371,0.15799999999999997,89,0.34986817325800385,496,0.12298387096774194,0.19153225806451613,0.034274193548387094,0.176,0.35618951612903227,0.364,0.443,118.4,3.09,2.9
13145,한동희,2021,21 3B,129,496,424,54,113,24,0,17,69,61,95,6,1,0,1,0.267,0.364,0.443,0.807,3.09,2.9,0.2,118.4,0.151,0.12298387096774194,0.19153225806451613,0.034274193548387094,0.176,72,0.35618951612903227,499,0.06613226452905811,0.1282565130260521,0.028056112224448898,0.15100000000000002,0.35849699398797596,0.359,0.458,124.2,2.84,3.4
13168,강백호,2018,18 LF,138,585,527,108,153,32,2,29,84,52,124,3,0,3,5,0.29,0.356,0.524,0.88,2.06,2.74,-0.68,115.9,0.165,0.08888888888888889,0.21196581196581196,0.04957264957264957,0.23400000000000004,90,0.38105982905982905,505,0.12079207920792079,0.17227722772277226,0.02574257425742574,0.15899999999999997,0.39968316831683176,0.416,0.495,155.8,4.53,4.78
13168,강백호,2019,19 RF,116,505,438,72,147,29,1,13,65,61,87,2,4,9,5,0.336,0.416,0.495,0.911,4.53,4.78,-0.25,155.8,0.184,0.12079207920792079,0.17227722772277226,0.02574257425742574,0.15899999999999997,104,0.39968316831683176,574,0.11498257839721254,0.16202090592334495,0.04006968641114982,0.21400000000000002,0.41503484320557493,0.411,0.544,152.6,5.7,5.41
13168,강백호,2020,20 1B,129,574,500,95,165,36,1,23,89,66,93,5,9,7,2,0.33,0.411,0.544,0.955,5.7,5.41,0.29,152.6,0.202,0.11498257839721254,0.16202090592334495,0.04006968641114982,0.21400000000000002,105,0.41503484320557493,627,0.16427432216905902,0.13556618819776714,0.025518341307814992,0.17400000000000004,0.4237161084529506,0.45,0.521,168.7,7.02,6.94
13927,페르난데스,2019,19 DH,144,645,572,87,197,34,0,15,88,61,54,6,4,1,2,0.344,0.409,0.483,0.892,5.4,5.61,-0.21,160.7,0.177,0.09457364341085271,0.08372093023255814,0.023255813953488372,0.139,148,0.39195348837209304,668,0.08682634730538923,0.06287425149700598,0.03143712574850299,0.15699999999999997,0.3935928143712575,0.404,0.497,148.9,4.78,4.5
13927,페르난데스,2020,20 DH,144,668,586,104,199,29,0,21,105,58,42,13,1,0,1,0.34,0.404,0.497,0.901,4.78,4.5,0.27,148.9,0.183,0.08682634730538923,0.06287425149700598,0.03143712574850299,0.15699999999999997,149,0.3935928143712575,617,0.1053484602917342,0.05672609400324149,0.024311183144246355,0.128,0.3691085899513776,0.391,0.443,140.0,3.31,3.59
14125,노시환,2021,21 3B,107,458,380,56,103,18,1,18,84,73,107,1,9,5,2,0.271,0.386,0.466,0.852,4.31,3.75,0.56,141.6,0.17,0.15938864628820962,0.2336244541484716,0.039301310043668124,0.195,66,0.37578602620087337,490,0.09795918367346938,0.19387755102040816,0.012244897959183673,0.10099999999999998,0.3299795918367347,0.355,0.382,109.6,1.94,1.97
14125,노시환,2022,22 3B,115,490,434,55,122,24,1,6,59,48,95,4,1,6,2,0.281,0.355,0.382,0.737,1.94,1.97,-0.03,109.6,0.127,0.09795918367346938,0.19387755102040816,0.012244897959183673,0.10099999999999998,91,0.3299795918367347,595,0.12436974789915967,0.19831932773109243,0.052100840336134456,0.24300000000000005,0.40294117647058825,0.388,0.541,160.0,6.74,6.38
14125,노시환,2023,23 3B,131,595,514,85,153,30,1,31,101,74,118,4,5,2,1,0.298,0.388,0.541,0.929,6.74,6.38,0.35,160.0,0.188,0.12436974789915967,0.19831932773109243,0.052100840336134456,0.24300000000000005,91,0.40294117647058825,601,0.09983361064891846,0.2146422628951747,0.03993344425956739,0.182,0.35722129783693846,0.356,0.454,106.5,2.49,2.58
14125,노시환,2024,24 3B,136,601,526,88,143,20,2,24,89,60,129,11,9,6,0,0.272,0.356,0.454,0.81,2.49,2.58,-0.08,106.5,0.145,0.09983361064891846,0.2146422628951747,0.03993344425956739,0.182,97,0.35722129783693846,624,0.11217948717948718,0.20032051282051283,0.05128205128205128,0.237,0.3712179487179487,0.354,0.497,129.7,4.88,4.47
14137,문보경,2022,22 3B,126,466,406,52,128,22,3,9,56,47,56,1,1,7,0,0.315,0.382,0.451,0.833,4.27,3.79,0.47,141.9,0.157,0.10085836909871244,0.12017167381974249,0.019313304721030045,0.136,94,0.3616094420600859,542,0.1070110701107011,0.15313653136531366,0.01845018450184502,0.14700000000000002,0.3574169741697417,0.377,0.448,138.5,4.12,4.45
14137,문보경,2023,23 3B,131,542,469,77,141,29,5,10,72,58,83,2,2,9,8,0.301,0.377,0.448,0.825,4.12,4.45,-0.33,138.5,0.158,0.1070110701107011,0.15313653136531366,0.01845018450184502,0.14700000000000002,97,0.3574169741697417,602,0.1079734219269103,0.18604651162790697,0.036544850498338874,0.20600000000000002,0.3774750830564784,0.372,0.507,130.4,4.46,4.61
14137,문보경,2024,24 3B,144,602,519,80,156,35,3,22,101,65,112,2,3,7,6,0.301,0.372,0.507,0.879,4.46,4.61,-0.15,130.4,0.169,0.1079734219269103,0.18604651162790697,0.036544850498338874,0.20600000000000002,96,0.3774750830564784,607,0.1301482701812191,0.17792421746293247,0.039538714991762765,0.184,0.36494233937397036,0.371,0.46,135.5,4.18,4.72
14160,고승민,2024,24 2B,120,532,481,79,148,27,6,14,87,41,78,1,0,5,4,0.308,0.358,0.476,0.834,3.18,3.06,0.12,107.9,0.152,0.07706766917293233,0.14661654135338345,0.02631578947368421,0.16799999999999998,101,0.361484962406015,538,0.10408921933085502,0.15427509293680297,0.007434944237918215,0.07899999999999996,0.31247211895910787,0.35,0.35,94.3,2.05,1.66
14224,터커,2020,20 RF,142,631,542,100,166,40,0,32,113,76,67,9,3,0,2,0.306,0.398,0.557,0.955,4.97,5.72,-0.75,150.1,0.198,0.12044374009508717,0.10618066561014262,0.05071315372424723,0.25100000000000006,94,0.4129635499207607,539,0.11317254174397032,0.12244897959183673,0.016697588126159554,0.11299999999999999,0.3105380333951762,0.334,0.35,89.0,0.25,0.5
14587,최지훈,2020,20 RF,127,520,466,66,120,19,5,1,27,38,80,5,0,18,6,0.258,0.318,0.326,0.644,0.7,-0.01,0.7,65.4,0.088,0.07307692307692308,0.15384615384615385,0.0019230769230769232,0.068,95,0.28596153846153843,534,0.09550561797752809,0.13295880149812733,0.009363295880149813,0.09999999999999998,0.31140449438202245,0.342,0.362,90.1,2.38,1.85
14587,최지훈,2021,21 RF,136,534,461,75,121,19,6,5,45,51,71,8,0,26,6,0.262,0.342,0.362,0.704,2.38,1.85,0.52,90.1,0.114,0.09550561797752809,0.13295880149812733,0.009363295880149813,0.09999999999999998,91,0.31140449438202245,640,0.0734375,0.1203125,0.015625,0.123,0.34159375,0.362,0.427,118.9,5.87,4.58
14587,최지훈,2022,22 CF,144,640,569,93,173,32,4,10,61,47,77,7,0,31,7,0.304,0.362,0.427,0.789,5.87,4.58,1.3,118.9,0.142,0.0734375,0.1203125,0.015625,0.123,127,0.34159375,503,0.05765407554671968,0.09940357852882704,0.003976143141153081,0.08899999999999997,0.29425447316103376,0.315,0.357,83.4,1.3,1.65
14587,최지훈,2023,23 CF,117,503,462,65,124,19,8,2,30,29,50,3,0,21,2,0.268,0.315,0.357,0.672,1.3,1.65,-0.36,83.4,0.101,0.05765407554671968,0.09940357852882704,0.003976143141153081,0.08899999999999997,95,0.29425447316103376,543,0.09208103130755065,0.13075506445672191,0.020257826887661142,0.14299999999999996,0.3334990791896869,0.345,0.418,92.2,1.82,2.09
14587,최지훈,2024,24 CF,125,543,483,89,133,22,7,11,49,50,71,2,0,32,5,0.275,0.345,0.418,0.763,1.82,2.09,-0.27,92.2,0.128,0.09208103130755065,0.13075506445672191,0.020257826887661142,0.14299999999999996,93,0.3334990791896869,574,0.07491289198606271,0.15156794425087108,0.012195121951219513,0.08700000000000002,0.31632404181184665,0.342,0.371,93.8,2.3,2.25
14591,이주형,2024,24 RF,115,537,473,82,126,19,3,13,60,49,119,14,1,6,0,0.266,0.352,0.402,0.754,2.03,1.78,0.25,103.6,0.133,0.09124767225325885,0.22160148975791433,0.024208566108007448,0.136,91,0.3373743016759777,514,0.07198443579766536,0.2237354085603113,0.021400778210116732,0.128,0.3177431906614786,0.337,0.368,103.8,2.93,2.37
14599,알테어,2020,20 CF,136,546,482,90,134,20,7,31,108,46,149,12,3,22,3,0.278,0.352,0.541,0.893,3.38,3.96,-0.58,124.6,0.168,0.08424908424908426,0.27289377289377287,0.056776556776556776,0.263,76,0.38435897435897437,565,0.10088495575221239,0.2761061946902655,0.05663716814159292,0.242,0.37860176991150446,0.358,0.514,131.9,4.96,4.62
14629,마차도,2020,20 SS,144,560,486,79,136,31,1,12,67,54,60,8,2,15,1,0.28,0.356,0.422,0.778,3.92,3.4,0.52,103.6,0.141,0.09642857142857143,0.10714285714285714,0.02142857142857143,0.14199999999999996,92,0.3412321428571428,539,0.10760667903525047,0.12059369202226346,0.00927643784786642,0.08199999999999996,0.3216326530612245,0.359,0.361,94.6,3.65,2.89
14757,피렐라,2021,21 LF,140,621,553,102,158,25,2,29,97,57,89,8,2,9,6,0.286,0.359,0.495,0.854,2.47,2.64,-0.17,126.2,0.161,0.09178743961352658,0.143317230273752,0.04669887278582931,0.20900000000000002,102,0.3732045088566828,630,0.0873015873015873,0.12857142857142856,0.044444444444444446,0.22299999999999992,0.4235079365079365,0.411,0.565,170.8,6.65,7.06
14757,피렐라,2022,22 LF,141,630,561,102,192,33,4,28,109,55,81,12,12,15,5,0.342,0.411,0.565,0.976,6.65,7.06,-0.41,170.8,0.205,0.0873015873015873,0.12857142857142856,0.044444444444444446,0.22299999999999992,127,0.4235079365079365,605,0.06942148760330578,0.1140495867768595,0.026446280991735537,0.14,0.33735537190082643,0.339,0.425,107.9,0.66,1.62
14765,김주원,2023,23 SS,127,474,403,56,94,9,2,10,54,44,106,15,1,15,3,0.233,0.328,0.34,0.668,2.3,2.37,-0.07,89.8,0.106,0.09282700421940929,0.22362869198312235,0.02109704641350211,0.10700000000000001,73,0.29915611814345994,475,0.10736842105263159,0.2336842105263158,0.018947368421052633,0.127,0.3341263157894737,0.371,0.379,108.4,3.87,3.19
14765,김주원,2024,24 SS,134,475,385,61,97,18,2,9,49,51,111,25,1,16,6,0.252,0.371,0.379,0.75,3.87,3.19,0.68,108.4,0.143,0.10736842105263159,0.2336842105263158,0.018947368421052633,0.127,68,0.3341263157894737,624,0.10096153846153846,0.1778846153846154,0.02403846153846154,0.16200000000000003,0.3649038461538462,0.379,0.451,131.1,6.33,6.27
14785,김휘집,2024,24 SS,140,562,488,78,126,24,1,16,73,52,119,10,1,4,3,0.258,0.337,0.41,0.747,2.31,1.74,0.57,95.0,0.125,0.09252669039145907,0.2117437722419929,0.028469750889679714,0.15199999999999997,85,0.3281672597864769,500,0.08,0.178,0.034,0.17099999999999999,0.34228,0.349,0.42,112.3,2.87,2.78
14888,추신수,2021,21 RF,137,580,461,84,122,19,2,21,69,103,123,12,4,25,9,0.265,0.409,0.451,0.86,3.81,4.19,-0.38,140.9,0.177,0.17758620689655172,0.2120689655172414,0.03620689655172414,0.186,80,0.38341379310344825,499,0.14228456913827656,0.20040080160320642,0.03206412825651302,0.17099999999999999,0.36148296593186374,0.382,0.43,133.8,2.93,2.87
14888,추신수,2022,22 DH,112,499,409,77,106,20,1,16,58,71,100,13,1,15,5,0.259,0.382,0.43,0.812,2.93,2.87,0.06,133.8,0.159,0.14228456913827656,0.20040080160320642,0.03206412825651302,0.17099999999999999,69,0.36148296593186374,462,0.1406926406926407,0.170995670995671,0.025974025974025976,0.14400000000000002,0.35119047619047616,0.379,0.398,124.2,1.78,1.99
14996,소크라테스,2022,22 CF,127,554,514,83,160,29,7,17,77,34,81,2,4,12,7,0.311,0.354,0.494,0.848,4.6,4.76,-0.15,136.4,0.157,0.061371841155234655,0.14620938628158844,0.030685920577617327,0.183,107,0.36823104693140796,608,0.08552631578947369,0.13157894736842105,0.03289473684210526,0.17800000000000005,0.3513322368421053,0.344,0.463,125.0,4.0,3.64
14996,소크라테스,2023,23 CF,142,608,547,91,156,31,3,20,96,52,80,1,4,15,6,0.285,0.344,0.463,0.807,4.0,3.64,0.37,125.0,0.144,0.08552631578947369,0.13157894736842105,0.03289473684210526,0.17800000000000005,102,0.3513322368421053,602,0.0681063122923588,0.1511627906976744,0.04318936877076412,0.20600000000000002,0.3794186046511628,0.359,0.516,121.2,3.54,3.63
15034,이재현,2023,23 SS,143,538,458,61,114,19,2,12,60,52,89,6,0,5,4,0.249,0.33,0.378,0.708,2.73,2.52,0.22,95.9,0.115,0.09665427509293681,0.1654275092936803,0.022304832713754646,0.129,81,0.30643122676579926,458,0.12663755458515283,0.1812227074235808,0.03056768558951965,0.15899999999999997,0.34973799126637556,0.365,0.419,104.8,3.13,2.53
15034,이재현,2024,24 SS,109,458,389,71,101,18,1,14,66,58,83,8,1,2,1,0.26,0.365,0.419,0.784,3.13,2.53,0.6,104.8,0.146,0.12663755458515283,0.1812227074235808,0.03056768558951965,0.15899999999999997,68,0.34973799126637556,555,0.12432432432432433,0.21441441441441442,0.02882882882882883,0.173,0.3421261261261262,0.36,0.427,113.9,5.13,4.49
15035,김영웅,2024,24 3B,126,509,456,65,115,16,3,28,79,45,155,3,0,9,2,0.252,0.321,0.485,0.806,2.37,1.66,0.71,97.8,0.137,0.08840864440078586,0.3045186640471513,0.0550098231827112,0.23299999999999998,68,0.3491355599214145,499,0.09619238476953908,0.2865731462925852,0.04408817635270541,0.20600000000000002,0.34026052104208415,0.323,0.455,102.8,2.82,2.03
15530,에레디아,2023,23 LF,122,523,473,76,153,29,0,12,76,39,75,9,4,12,8,0.323,0.385,0.461,0.846,3.95,3.74,0.21,135.9,0.163,0.0745697896749522,0.14340344168260039,0.022944550669216062,0.138,112,0.37304015296367105,591,0.047377326565143825,0.12351945854483926,0.03553299492385787,0.17800000000000005,0.40634517766497463,0.399,0.538,137.2,4.56,4.24
15532,오스틴,2023,23 1B,139,583,520,87,163,29,4,23,95,53,75,3,2,7,3,0.313,0.376,0.517,0.893,5.13,5.06,0.07,153.9,0.175,0.09090909090909091,0.12864493996569468,0.03945111492281304,0.20400000000000001,107,0.3869125214408234,604,0.10099337748344371,0.1357615894039735,0.052980132450331126,0.25399999999999995,0.4086754966887417,0.384,0.573,147.8,5.23,5.06
15532,오스틴,2024,24 1B,140,604,527,99,168,32,3,32,132,61,82,3,6,12,8,0.319,0.384,0.573,0.957,5.23,5.06,0.17,147.8,0.192,0.10099337748344371,0.1357615894039735,0.052980132450331126,0.25399999999999995,101,0.4086754966887417,499,0.12224448897795591,0.12424849699398798,0.06212424849699399,0.282,0.4201202404809619,0.393,0.595,171.6,4.86,5.11
16106,레이예스,2024,24 RF,144,632,574,88,202,40,3,15,111,46,82,1,2,5,0,0.352,0.394,0.51,0.904,3.51,4.09,-0.58,127.5,0.179,0.07278481012658228,0.12974683544303797,0.023734177215189875,0.15800000000000003,144,0.3920569620253165,643,0.09020217729393468,0.1026438569206843,0.02021772939346812,0.14899999999999997,0.3760342146189736,0.386,0.475,124.8,3.21,3.63
