player_id,player_name,season,team,G,GS,IP,TBF,W,L,S,HD,H,HR,BB,SO,ERA,WHIP,WAR,FIP,RA9,rRA9,rRA9pf,K_pct,BB_pct,HR_per9,K_minus_BB,K_pct_reg,BB_pct_reg,HR_per9_reg,ERA_reg,FIP_reg
10058,양현종,2016,16 P,31,31,200.1,850,10,12,0,0,191,19,77,146,3.68,1.34,5.45,4.77,4.31,4.27,4.31,0.1717647058823529,0.0905882352941176,0.8545727136431784,0.0811764705882352,0.17175391936285275,0.09050597702125901,0.8546909012877307,3.682553568650431,4.7697698203449495
10058,양현종,2017,17 P,31,31,193.1,808,20,6,0,0,209,17,45,158,3.44,1.31,5.45,3.93,4.1,3.97,4.07,0.1955445544554455,0.0556930693069306,0.7923355774210254,0.1398514851485148,0.1954515425973943,0.055716982277085526,0.7931940365477144,3.4424743119165906,3.933332298795972
10058,양현종,2018,18 P,29,29,184.1,772,13,11,0,0,199,21,43,152,4.15,1.31,5.14,4.4,4.3,4.22,4.22,0.1968911917098445,0.0556994818652849,1.0266159695817492,0.1411917098445596,0.1969042642428587,0.05577671669691435,1.0271057522901483,4.1522020741207335,4.402142167675179
10058,양현종,2019,19 P,29,29,184.2,731,16,8,0,0,165,6,33,163,2.29,1.07,6.75,2.58,2.73,2.68,2.64,0.2229822161422708,0.0451436388508891,0.2931596091205212,0.1778385772913817,0.2227026805697881,0.04526100311784148,0.29495490425868665,2.296928505062388,2.5868567924404284
10058,양현종,2020,20 P,31,31,172.1,746,11,10,0,0,180,13,64,149,4.7,1.42,3.35,3.97,5.17,4.85,4.74,0.1997319034852546,0.0857908847184986,0.6798373038930854,0.113941018766756,0.19967975146351588,0.08571759683185949,0.6801317063193776,4.695198159409175,3.970633797498077
10058,양현종,2022,22 P,30,30,175.1,743,12,7,0,0,170,14,50,141,3.85,1.25,2.93,3.66,4.41,4.37,4.44,0.1897711978465679,0.0672947510094212,0.7195888063963449,0.1224764468371466,0.18987371372034495,0.06728631327283065,0.7190919185214564,3.8467251338609456,3.658678563320103
10058,양현종,2023,23 P,29,29,171.0,729,9,11,0,0,181,13,48,133,3.58,1.34,3.59,3.7,4.11,4.02,4.13,0.1824417009602194,0.0658436213991769,0.6842105263157895,0.1165980795610425,0.18251211763980527,0.06584378444294804,0.6833749026489347,3.5781270948963395,3.6988659607276766
10058,양현종,2024,24 P,29,29,171.1,727,11,5,0,0,174,21,41,129,4.1,1.25,4.34,4.69,4.52,4.37,4.39,0.1774415405777166,0.0563961485557083,1.1046171829339568,0.1210453920220082,0.17764484773109937,0.05645510927761273,1.1036560296858955,4.098927530759514,4.6875482788865055
10058,양현종,2025,25 P,30,30,153.0,677,7,9,0,0,171,12,57,109,5.06,1.49,0.86,4.35,5.94,5.66,5.83,0.1610044313146233,0.0841949778434268,0.7058823529411765,0.0768094534711964,0.16142948409588234,0.08408358486386396,0.7055837747242583,5.049812055991626,4.344367449300539
10126,김광현,2019,19 P,31,30,190.1,786,17,6,0,0,198,13,38,180,2.51,1.24,6.32,2.91,3.03,2.95,2.91,0.2290076335877862,0.0483460559796437,0.6154655444502893,0.1806615776081425,0.2287051981850164,0.04844303894725659,0.6155188292449438,2.5155633654503102,2.914918252014481
10126,김광현,2022,22 P,28,28,173.1,694,13,3,0,0,141,10,45,153,2.13,1.07,6.63,3.14,2.49,2.49,2.44,0.2204610951008645,0.0648414985590778,0.5199306759098787,0.1556195965417867,0.22038851123020306,0.06484705494642269,0.5205748813993594,2.1365668930092614,3.141650172318611
10126,김광현,2023,23 P,30,30,168.1,713,9,8,0,0,163,11,70,119,3.53,1.38,3.63,4.19,4.01,3.89,3.89,0.1669004207573632,0.0981767180925666,0.5889351576442594,0.0687237026647966,0.16706395091166018,0.09798567697391046,0.588648629542382,3.5283906583215283,4.1859488187176845
10126,김광현,2024,24 P,31,31,162.1,709,12,10,0,0,162,24,73,154,4.93,1.45,2.97,5.18,5.27,5.25,5.04,0.2172073342736248,0.1029619181946403,1.3325107958050586,0.1142454160789844,0.2171780477463487,0.10273862800825662,1.3300993421762268,4.923779448459303,5.174408698935423
10126,김광현,2025,25 P,28,28,144.0,636,10,10,0,0,164,13,50,138,5.0,1.49,1.62,3.77,5.38,5.21,5.13,0.2169811320754717,0.0786163522012578,0.8125,0.1383647798742138,0.21704652123100993,0.07853651845497843,0.8114475952243845,4.9895934939497275,3.7680178427054
10131,박종훈,2017,17 P,29,28,151.1,664,12,7,0,1,145,16,61,107,4.1,1.36,3.72,5.44,4.4,4.25,4.23,0.161144578313253,0.091867469879518,0.9530112508272668,0.0692771084337349,0.16125204954595815,0.09166015302833118,0.9530503780007321,4.098818303372848,5.4343247810407505
10131,박종훈,2018,18 P,30,30,159.1,702,14,8,0,0,158,16,54,133,4.18,1.33,4.27,4.89,4.58,4.41,4.26,0.1894586894586894,0.0769230769230769,0.9050911376492772,0.1125356125356125,0.18952022742316213,0.07687980754316946,0.9064164568951057,4.1823585504044205,4.889416085175986
10131,박종훈,2019,19 P,28,28,144.0,643,8,11,0,0,157,12,59,100,3.88,1.5,2.85,4.62,4.5,4.25,4.08,0.1555209953343701,0.0917573872472783,0.75,0.0637636080870917,0.15562921073288116,0.09158581561861065,0.7491424018531638,3.8778838561210645,4.6146888135170165
10131,박종훈,2020,20 P,29,28,157.1,691,13,11,0,0,146,14,78,134,4.81,1.42,2.77,4.9,5.15,4.92,4.79,0.1939218523878437,0.1128798842257597,0.8020369191597708,0.0810419681620839,0.19390150157275474,0.11262830210884324,0.8015863274122976,4.804046814634587,4.894811577146851
10213,유희관,2016,16 P,30,29,185.2,809,15,6,0,0,212,22,58,102,4.41,1.45,4.54,5.35,4.61,4.52,4.62,0.1260815822002472,0.0716934487021013,1.0691144708423326,0.0543881334981458,0.12631527690814529,0.07170608376074876,1.0680899046668242,4.408837393424284,5.346636470845162
10213,유희관,2017,17 P,30,29,188.2,822,11,6,0,1,228,20,41,106,4.53,1.43,3.31,4.9,4.96,4.76,5.1,0.1289537712895377,0.0498783454987834,0.9564293304994688,0.0790754257907542,0.12921031030390434,0.049933610991992804,0.956442719312428,4.526777293567708,4.898291750508975
10213,유희관,2019,19 P,28,27,166.1,692,11,8,0,0,171,8,42,64,3.25,1.28,3.94,4.26,3.63,3.5,3.75,0.0924855491329479,0.0606936416184971,0.4334738109572547,0.0317919075144508,0.09295668425554232,0.06073066052616898,0.43462386755660537,3.251933926616124,4.257545649072216
10217,이용찬,2018,18 P,25,24,144.0,608,15,3,0,0,151,14,36,102,3.63,1.3,4.69,4.68,3.88,3.79,3.88,0.1677631578947368,0.0592105263157894,0.875,0.1085526315789473,0.16798072865112326,0.05928490647361083,0.8766708603372857,3.6363972684120536,4.680803553356383
10217,이용찬,2019,19 P,26,26,148.1,651,7,10,0,0,168,15,45,102,4.07,1.44,2.31,4.34,4.55,4.3,4.56,0.1566820276497695,0.0691244239631336,0.911546252532073,0.0875576036866359,0.15677948036921086,0.06910936747170059,0.9096287610242036,4.066667733987622,4.336712796512188
10220,이재학,2018,18 P,29,29,152.1,658,5,13,0,0,157,13,49,116,4.79,1.35,3.26,4.64,5.14,4.79,4.78,0.1762917933130699,0.0744680851063829,0.7692307692307693,0.1018237082066869,0.1764421468353279,0.07443887259229742,0.7715040806590884,4.788482063486269,4.641022307228449
10299,장원준,2016,16 P,27,27,168.0,727,15,6,0,0,161,14,76,137,3.32,1.41,5.41,4.76,3.54,3.54,3.83,0.1884456671251719,0.1045392022008253,0.75,0.0839064649243466,0.18833412789254292,0.10435876962343732,0.7507594097571756,3.3251687731100685,4.75978527142822
10299,장원준,2017,17 P,29,29,180.1,760,14,9,0,0,172,12,51,125,3.14,1.24,5.65,4.38,3.49,3.45,3.71,0.1644736842105263,0.0671052631578947,0.5996668517490283,0.0973684210526315,0.1645455631094616,0.06706787670652035,0.6016508144335249,3.1443084701436237,4.381086687997229
10363,백정현,2019,19 P,28,27,157.0,677,8,10,0,0,158,17,56,82,4.24,1.36,2.44,5.02,4.87,4.67,4.42,0.121122599704579,0.0827178729689808,0.9745222929936306,0.0384047267355982,0.12143962266922391,0.08261763010899022,0.9723142295487895,4.23577948821237,5.01259416430359
10363,백정현,2021,21 P,27,27,157.2,648,14,5,0,0,142,15,54,109,2.63,1.24,5.54,4.23,3.08,3.04,2.98,0.1682098765432098,0.0833333333333333,0.8587786259541985,0.0848765432098765,0.16845901622305648,0.08330915476434049,0.8580774347174986,2.635611296918671,4.2269961248398245
10368,윤성환,2016,16 P,28,28,180.0,767,11,10,0,0,202,25,41,85,4.35,1.35,4.48,5.64,4.75,4.72,4.55,0.1108213820078226,0.0534550195567144,1.25,0.0573663624511082,0.11114610109513226,0.05356878241343011,1.2479466312097385,4.349135484285092,5.634937629123587
10368,윤성환,2017,17 P,28,28,174.1,731,12,9,0,0,181,22,37,130,4.28,1.25,4.8,4.77,4.44,4.34,4.05,0.1778385772913816,0.0506155950752394,1.1372774267662265,0.1272229822161422,0.1778365920002127,0.05067110039642023,1.1362590662130863,4.277945539366135,4.768896625906899
10368,윤성환,2019,19 P,27,27,145.1,643,8,13,0,0,168,14,50,65,4.77,1.5,1.7,5.05,5.39,5.06,4.8,0.1010886469673405,0.077760497667185,0.8683666436940042,0.0233281493001555,0.1015686167219684,0.07768602130457915,0.8667053269589923,4.761808070756703,5.041785612320105
10381,차우찬,2016,16 P,24,24,152.1,671,12,6,0,0,168,16,65,120,4.73,1.53,3.26,5.01,5.14,5.05,4.93,0.1788375558867362,0.0968703427719821,0.9467455621301776,0.0819672131147541,0.17877718998813485,0.09672126213089964,0.9462987606072023,4.7264959023879936,5.0081300514132545
10381,차우찬,2017,17 P,28,28,175.2,732,10,7,0,0,171,20,38,157,3.43,1.19,5.1,4.12,3.84,3.81,3.96,0.2144808743169398,0.0519125683060109,1.0273972602739727,0.1625683060109289,0.21427094286683063,0.05196036631116409,1.0270088677293494,3.4327824287344506,4.122592503951749
10381,차우찬,2018,18 P,29,29,170.0,762,12,10,0,0,177,27,79,136,6.09,1.51,1.14,5.84,6.3,6.24,6.68,0.1784776902887139,0.1036745406824147,1.4294117647058824,0.0748031496062992,0.1785995220272055,0.1034775881006456,1.4275864020403886,6.0810386194137305,5.8338977499220785
10381,차우찬,2019,19 P,29,28,168.1,730,13,8,0,0,181,16,59,124,4.12,1.43,1.95,4.28,4.65,4.59,4.89,0.1698630136986301,0.0808219178082191,0.8566329565734682,0.0890410958904109,0.16987099249472618,0.08073946708842164,0.8552669915358294,4.116766168761409,4.277456404257643
10425,금민철,2018,18 P,29,29,156.1,720,8,12,0,0,212,19,68,79,5.41,1.79,2.06,6.0,5.99,5.79,5.73,0.1097222222222222,0.0944444444444444,1.0954516335682256,0.0152777777777777,0.110292487628642,0.09428881875861023,1.0955905458237203,5.404574181538814,5.992339371334663
10590,류현진,2024,24 P,28,28,158.1,679,10,8,0,0,182,12,33,135,3.87,1.36,3.84,3.73,4.43,4.37,4.42,0.198821796759941,0.04860088365243,0.683111954459203,0.150220913107511,0.19890733356016066,0.048713658040506876,0.6847215757947366,3.8702855313872564,3.7333818906119896
10641,니퍼트,2016,16 P,28,27,167.2,701,22,3,0,0,151,15,57,142,2.95,1.24,6.29,4.41,3.27,3.26,3.31,0.202567760342368,0.0813124108416547,0.8074162679425838,0.1212553495007132,0.20237173047595006,0.08126921040039789,0.8078379325146413,2.957393119236633,4.411865106250709
10641,니퍼트,2017,17 P,30,30,179.2,782,14,8,0,0,175,20,77,161,4.06,1.4,4.07,4.79,4.41,4.32,4.57,0.2058823529411764,0.09846547314578,1.0044642857142858,0.1074168797953964,0.20572479800147903,0.09825386994749045,1.004211778545568,4.059224550183186,4.788816865684229
10641,니퍼트,2018,18 P,29,28,175.2,765,8,8,0,0,209,26,39,165,4.25,1.41,4.62,4.59,4.51,4.45,4.33,0.2156862745098039,0.0509803921568627,1.3356164383561644,0.1647058823529412,0.21559333831832245,0.051088310755290814,1.334377268722511,4.25174576571934,4.5911720501513935
10652,임찬규,2018,18 P,29,27,146.2,680,11,11,1,0,195,23,47,125,5.77,1.65,1.1,5.33,6.38,6.17,6.51,0.1838235294117647,0.0691176470588235,1.4158686730506158,0.1147058823529411,0.18392874264654058,0.06912361174728189,1.4138401817181145,5.761763613585242,5.326375782857851
10652,임찬규,2020,20 P,27,26,147.2,641,10,9,0,0,143,14,65,138,4.08,1.41,2.7,4.26,4.63,4.51,4.83,0.2152886115444617,0.1014040561622464,0.8559782608695653,0.1138845553822152,0.2151227260989679,0.10121310268977017,0.8551335921989492,4.078574908189799,4.2587834706269705
10652,임찬규,2023,23 P,30,26,144.2,632,14,3,0,1,142,10,54,103,3.42,1.35,3.29,4.16,3.92,3.72,3.91,0.1629746835443038,0.0854430379746835,0.6241331484049931,0.0775316455696202,0.16319216760976307,0.08530824890411277,0.6235570472149917,3.4188833355521377,4.155488603616807
10652,임찬규,2025,25 P,27,27,160.1,670,11,7,0,0,163,9,40,107,3.03,1.27,4.9,3.82,3.42,3.21,3.35,0.1597014925373134,0.0597014925373134,0.5059337913803873,0.1,0.16011590015426683,0.05974704788463454,0.5068895177376521,3.032861928136005,3.8179055691637678
10783,문승원,2017,17 P,29,29,155.1,695,6,12,0,0,181,25,54,86,5.33,1.51,1.95,6.03,5.68,5.49,5.49,0.1237410071942446,0.0776978417266187,1.4506769825918762,0.0460431654676259,0.12408533740317135,0.07758661004876721,1.4475269858674655,5.32096901949398,6.020690577811006
10783,문승원,2018,18 P,31,27,150.2,656,8,9,1,1,180,24,37,122,4.6,1.44,2.89,5.06,5.14,5.04,5.0,0.1859756097560975,0.0564024390243902,1.438082556591212,0.1295731707317073,0.1860638062363533,0.056492341208090636,1.435960811831392,4.599719602643834,5.058257375903938
10783,문승원,2019,19 P,26,23,144.0,586,11,7,0,2,130,23,33,99,3.88,1.13,3.53,4.77,3.94,3.94,3.66,0.1689419795221843,0.0563139931740614,1.4375,0.1126279863481228,0.16895763640905526,0.05638685874589869,1.431901022542819,3.8778838561210645,4.763654330758395
10783,문승원,2020,20 P,25,25,145.2,610,6,8,0,0,136,13,45,117,3.65,1.24,3.87,4.13,3.95,3.89,3.88,0.1918032786885246,0.0737704918032786,0.8057851239669422,0.1180327868852459,0.19179576233991827,0.07376593817631547,0.8052722186312194,3.6514965895603844,4.129656021524741
10825,김원중,2018,18 P,30,30,145.1,681,8,7,0,0,173,28,77,137,6.94,1.72,0.81,6.14,7.12,6.95,6.81,0.2011747430249633,0.1130690161527166,1.7367332873880084,0.0881057268722467,0.20116198583499623,0.11277419502367607,1.7324933247700647,6.923693387541054,6.1308043479580805
10863,한현희,2018,18 P,30,28,169.0,756,11,7,0,0,208,22,49,105,4.79,1.52,3.28,5.61,5.22,5.16,5.26,0.1388888888888889,0.0648148148148148,1.1715976331360949,0.074074074074074,0.1392443125870176,0.06484529031119764,1.1712780867582735,4.788632964233811,5.605214795509857
10909,임기영,2021,21 P,28,28,153.0,662,8,8,0,0,155,15,45,129,4.88,1.31,2.7,3.96,5.0,4.64,4.54,0.1948640483383685,0.0679758308157099,0.8823529411764706,0.1268882175226586,0.1949469036991256,0.06805071687352132,0.8814795465734304,4.871153942678791,3.9586674477250665
10933,소사,2016,16 P,33,33,199.0,870,10,9,0,0,258,12,38,107,5.16,1.49,3.2,4.35,5.47,5.16,5.58,0.1229885057471264,0.0436781609195402,0.542713567839196,0.0793103448275862,0.12322154090244511,0.04383000059805379,0.5443917012448133,5.155167613278008,4.351868554356846
10933,소사,2017,17 P,30,29,185.1,769,11,11,1,0,189,11,38,153,3.88,1.22,4.8,3.53,4.18,4.09,4.25,0.1989596879063719,0.0494148244473342,0.5348460291734198,0.1495448634590377,0.19884432662158597,0.04947350124672521,0.537124999967283,3.8802163564911885,3.5356249285131547
10933,소사,2018,18 P,27,27,181.1,760,9,9,0,0,192,16,28,181,3.52,1.21,5.21,3.43,4.12,4.07,4.2,0.2381578947368421,0.0368421052631578,0.7951408061844285,0.2013157894736842,0.2379445670203892,0.03702416755825246,0.7969098009275477,3.5256979896746174,3.437504202288169
11090,류제국,2016,16 P,29,29,161.1,701,13,11,0,0,152,14,70,138,4.3,1.38,3.73,4.88,4.63,4.56,4.8,0.1968616262482168,0.0998573466476462,0.782122905027933,0.0970042796005706,0.19669342088463043,0.09969811623416447,0.7827164728498622,4.29934313791241,4.879035847448299
11149,신재영,2016,16 P,30,30,168.2,718,15,7,0,0,192,19,21,99,3.9,1.26,5.43,4.7,4.06,3.89,3.87,0.1378830083565459,0.0292479108635097,1.0166468489892986,0.1086350974930362,0.13807043464764712,0.02951267555475525,1.015829434095524,3.901734767468095,4.700140135173577
11156,해커,2017,17 P,26,26,160.1,672,12,7,0,0,159,14,29,97,3.42,1.17,5.52,4.56,3.59,3.47,3.49,0.144345238095238,0.0431547619047619,0.7870081199250468,0.1011904761904761,0.14455098430698515,0.04326140259321156,0.7880754965481772,3.4231053007014913,4.560104278065165
11222,하영민,2024,24 P,28,28,150.1,671,9,8,0,0,168,8,58,101,4.37,1.5,2.73,4.53,4.91,4.74,5.05,0.1505216095380029,0.0864381520119225,0.4796802131912059,0.0640834575260804,0.1509313321861623,0.08630648514748529,0.482721394499951,4.366991582023246,4.52826643809641
11222,하영민,2025,25 P,28,28,153.1,669,7,14,0,0,169,13,41,134,4.99,1.37,1.41,3.79,5.28,5.05,5.36,0.2002989536621823,0.0612855007473841,0.7642064010450687,0.1390134529147982,0.2004687369585245,0.06132284635571223,0.7635295347666176,4.980272917733357,3.78800510832111
11308,고영표,2021,21 P,26,25,166.2,664,11,6,0,1,147,9,27,130,2.92,1.04,5.58,3.22,3.19,3.17,3.15,0.1957831325301204,0.0406626506024096,0.4873646209386282,0.1551204819277108,0.1958539497631637,0.040894980944014024,0.4889225488774419,2.923574803663479,3.22319848654103
11308,고영표,2022,22 P,28,28,182.1,758,13,8,0,0,191,7,23,156,3.26,1.17,5.43,2.75,3.41,3.33,3.21,0.2058047493403693,0.0303430079155672,0.3459637561779242,0.1754617414248021,0.2058157787990167,0.0305367045713851,0.3475264164479982,3.2600726164550107,2.7536990442417815
11308,고영표,2023,23 P,28,27,174.2,706,12,7,0,0,181,7,19,114,2.78,1.15,6.05,3.19,2.94,2.96,2.91,0.1614730878186968,0.0269121813031161,0.3616532721010333,0.1345609065155807,0.16166190221384685,0.027134552784992223,0.36267399118502736,2.782727513254397,3.1917976326778557
11308,고영표,2025,25 P,29,26,161.0,685,11,8,0,0,170,10,30,154,3.3,1.24,4.17,3.14,3.91,3.82,3.65,0.2248175182481751,0.0437956204379562,0.5590062111801242,0.1810218978102189,0.22482767282459695,0.04393910709568949,0.5596290204168873,3.3011793618685825,3.142114735754834
11310,박세웅,2017,17 P,28,28,171.1,725,12,6,0,0,170,21,56,117,3.68,1.32,5.72,5.13,3.89,3.73,3.53,0.1613793103448275,0.0772413793103448,1.1046171829339568,0.0841379310344827,0.16147292825571,0.07714314106225449,1.10377084540332,3.68139607171999,5.126785585103417
11310,박세웅,2020,20 P,28,28,147.1,658,8,10,0,0,177,20,47,108,4.7,1.52,2.46,4.94,5.19,5.15,5.03,0.1641337386018237,0.0714285714285714,1.2236573759347382,0.0927051671732522,0.16431314879710027,0.07143988932264768,1.2203294960424325,4.694387585372912,4.934191156967706
11310,박세웅,2021,21 P,28,28,163.0,685,10,9,0,0,141,20,53,125,3.98,1.19,4.46,4.51,4.14,4.0,3.8,0.1824817518248175,0.0773722627737226,1.1042944785276074,0.1051094890510948,0.1826350568374403,0.07738528729167958,1.1021210376360262,3.9771811412959375,4.5053950423759765
11310,박세웅,2022,22 P,28,28,157.1,679,10,11,0,0,179,8,32,146,3.89,1.34,2.82,2.84,4.58,4.43,4.31,0.2150220913107511,0.0471281296023564,0.4583068109484405,0.1678939617083947,0.21497656412484314,0.047246287325275235,0.4594059889413566,3.886099279398561,2.8437147058865917
11310,박세웅,2023,23 P,27,27,154.0,657,9,7,0,0,145,8,59,129,3.45,1.32,3.68,3.62,4.09,3.93,3.82,0.1963470319634703,0.0898021308980213,0.4675324675324675,0.106544901065449,0.19633545994982848,0.0896477407949877,0.4680031177781728,3.448760389175293,3.6192577112590993
11310,박세웅,2024,24 P,30,30,173.1,759,6,11,0,0,188,13,56,124,4.78,1.41,3.52,4.57,5.35,5.07,4.95,0.1633728590250329,0.0737812911725955,0.6759098786828424,0.0895915678524374,0.16365463870711136,0.07373971735078542,0.6774221867256898,4.775034049647975,4.568265702448981
11310,박세웅,2025,25 P,29,28,160.2,722,11,13,0,0,183,15,54,156,4.93,1.48,1.95,3.84,5.55,5.25,5.14,0.2160664819944598,0.074792243767313,0.8426966292134832,0.1412742382271468,0.21613097379119708,0.07474415577242116,0.8415626631981127,4.921073552250064,3.837782798959572
11318,엄상백,2024,24 P,29,29,156.2,675,13,10,0,0,164,26,42,159,4.88,1.31,3.39,4.67,5.06,4.91,4.74,0.2355555555555555,0.0622222222222222,1.4980793854033292,0.1733333333333333,0.2354084508871034,0.06224970992306977,1.4945241902604491,4.8738640460795954,4.667443122114297
11368,켈리,2016,16 P,31,31,200.1,846,9,8,0,0,205,15,60,152,3.68,1.32,6.44,4.27,4.09,3.87,3.85,0.1796690307328605,0.0709219858156028,0.6746626686656672,0.1087470449172576,0.17961893876905152,0.070937520926526,0.6756754860714205,3.682553568650431,4.272256145556287
11368,켈리,2017,17 P,30,30,190.0,815,16,7,0,0,204,16,45,189,3.6,1.31,5.35,3.6,4.03,3.99,3.88,0.2319018404907975,0.0552147239263803,0.7578947368421053,0.1766871165644171,0.23161696673329443,0.05524152943888094,0.7589474476121013,3.6016767745707345,3.6051141319177913
11368,켈리,2018,18 P,28,28,158.1,674,12,7,0,0,152,18,47,161,4.09,1.26,4.32,4.33,4.43,4.39,4.22,0.2388724035608308,0.0697329376854599,1.0246679316888043,0.1691394658753709,0.23862374557220692,0.06973458892062293,1.0252499984217875,4.092939056692318,4.332932213932593
11379,최원태,2017,17 P,25,25,149.1,637,11,7,0,0,161,19,34,126,4.46,1.31,3.65,4.57,4.58,4.46,4.51,0.1978021978021978,0.053375196232339,1.146881287726358,0.1444270015698587,0.19766687971429311,0.05342156119290971,1.1456293304058047,4.456404156848835,4.570045297776803
11379,최원태,2019,19 P,27,27,157.1,666,11,5,0,0,165,5,36,105,3.38,1.28,3.78,3.33,3.89,3.76,3.82,0.1576576576576576,0.054054054054054,0.2864417568427753,0.1036036036036036,0.15774339181617003,0.05413517642620084,0.2885872755769055,3.381221752925707,3.3332882856417925
11379,최원태,2023,23 P,26,26,146.2,632,9,7,0,0,149,12,46,118,4.3,1.33,2.48,3.89,4.48,4.46,4.44,0.1867088607594936,0.0727848101265822,0.7387140902872777,0.1139240506329113,0.18676215226146026,0.07273784582496014,0.7373674134213097,4.292920246753875,3.887384138893753
11380,피어밴드,2016,16 P,31,30,182.0,803,7,13,0,0,231,23,48,144,4.45,1.53,4.51,4.75,4.8,4.71,4.58,0.1793275217932752,0.0597758405977584,1.137362637362637,0.1195516811955168,0.1792743415474697,0.059853820138875885,1.1359472144752054,4.44859848445684,4.749856343559395
11380,피어밴드,2017,17 P,26,26,160.0,657,8,10,0,0,153,20,31,132,3.04,1.15,4.92,4.37,3.77,3.77,3.75,0.2009132420091324,0.0471841704718417,1.125,0.1537290715372907,0.2007677619519807,0.0472658500143396,1.1239687111423065,3.045467477906896,4.371284467057752
11380,피어밴드,2018,18 P,27,26,163.1,707,8,8,0,0,186,24,38,141,4.3,1.37,3.39,4.7,4.96,4.94,4.87,0.1994342291371994,0.0537482319660537,1.3243408951563458,0.1456859971711457,0.19943347769560021,0.053847241211841895,1.3230790661115566,4.3015697984140635,4.700588148913318
11392,레일리,2016,16 P,31,31,184.2,808,8,10,0,0,207,21,51,147,4.34,1.4,4.32,4.73,5.12,5.01,4.8,0.1819306930693069,0.0631188118811881,1.026058631921824,0.1188118811881188,0.18186408855387257,0.0631778144985805,1.025261016463081,4.339209085613399,4.729966041422081
11392,레일리,2017,17 P,30,30,187.1,798,13,7,0,0,199,19,44,156,3.8,1.3,5.55,4.34,4.18,3.99,3.9,0.1954887218045112,0.0551378446115288,0.9139497594869054,0.1403508771929824,0.19539303988533627,0.05516547210861797,0.9141890616369556,3.800639361738491,4.341258900565115
11392,레일리,2018,18 P,30,30,178.1,775,11,13,0,0,180,24,54,178,4.74,1.31,3.66,4.69,5.35,5.24,5.05,0.2296774193548387,0.0696774193548387,1.2128017967434026,0.16,0.22950786881444749,0.06967919618256098,1.2122684240586623,4.738981596425169,4.690594724939562
11392,레일리,2019,19 P,30,30,181.0,791,5,14,0,0,191,10,65,140,3.88,1.41,3.81,3.78,4.38,4.14,3.98,0.1769911504424778,0.0821744627054361,0.4972375690607735,0.0948166877370417,0.17695939812201625,0.08209042445480441,0.49794312235554267,3.8783140611953533,3.780383944834985
11393,린드블럼,2016,16 P,30,30,177.1,791,10,13,0,0,197,28,77,148,5.28,1.55,3.39,5.54,5.53,5.5,5.25,0.1871049304677623,0.0973451327433628,1.4229249011857708,0.0897597977243995,0.18700661831921153,0.09721431277637176,1.419867154682553,5.273899621873115,5.535416680917289
11393,린드블럼,2018,18 P,26,26,168.2,681,15,4,0,0,142,16,38,157,2.88,1.07,6.71,3.99,2.99,2.99,3.19,0.2305433186490455,0.0558002936857562,0.8561236623067777,0.1747430249632892,0.23035872999019047,0.055884190585957984,0.8576671084450735,2.889914916783379,3.9947666385146308
11393,린드블럼,2019,19 P,30,30,194.2,773,20,3,0,0,165,13,29,189,2.5,1.0,6.75,2.73,2.64,2.59,2.83,0.2445019404915912,0.03751617076326,0.6024716786817714,0.2069857697283312,0.24412648089951583,0.03766659766042808,0.6025904112126473,2.505497741483373,2.7357370797129477
11410,김민우,2021,21 P,29,28,155.1,662,14,10,0,0,131,15,76,125,4.0,1.33,3.86,4.56,4.11,3.84,3.93,0.188821752265861,0.1148036253776435,0.8704061895551257,0.0740181268882175,0.18894220083491353,0.11457751812806648,0.8696210773370165,3.9969103598496716,4.55484168449494
11410,김민우,2022,22 P,29,29,163.0,711,6,11,0,0,143,16,84,129,4.36,1.39,2.86,4.61,4.53,4.31,4.33,0.1814345991561181,0.1181434599156118,0.8834355828220859,0.0632911392405063,0.18159551161991436,0.11782434653561309,0.8819029686074906,4.35337375654215,4.602788384150428
11497,스튜어트,2016,16 P,27,27,150.0,653,12,8,0,0,160,11,55,118,4.56,1.43,3.49,4.45,4.74,4.6,4.76,0.1807044410413476,0.0842266462480857,0.66,0.0964777947932618,0.18063087213915902,0.08415922538963651,0.66144596191366,4.557572997719215,4.45181265477728
12295,윌커슨,2024,24 P,32,32,196.2,816,12,8,0,0,210,18,27,167,3.84,1.21,6.06,3.67,4.12,4.06,3.89,0.204656862745098,0.0330882352941176,0.8256880733944955,0.1715686274509804,0.20469628383500568,0.033257885666842464,0.8262637054206015,3.8403824951506715,3.6730327525170767
12509,헥터,2016,16 P,31,31,206.2,868,15,5,0,0,211,7,51,139,3.4,1.27,6.57,3.82,3.83,3.83,3.84,0.1601382488479262,0.0587557603686636,0.3055286129970902,0.1013824884792626,0.16018389212960066,0.05882955542780256,0.30829314791970397,3.40382974254634,3.8243615389544847
12509,헥터,2017,17 P,30,30,201.2,854,20,5,0,0,221,21,45,149,3.48,1.32,6.45,4.35,3.7,3.7,3.71,0.1744730679156908,0.0526932084309133,0.9393638170974156,0.1217798594847775,0.17448799316243668,0.05273099957029554,0.9394607442824499,3.4821773686597934,4.3511216577462815
12509,헥터,2018,18 P,29,29,174.0,753,11,10,0,0,209,25,36,137,4.6,1.41,2.98,4.78,5.28,5.28,5.36,0.1819389110225763,0.047808764940239,1.293103448275862,0.1341301460823373,0.18203817963142313,0.04793554713600848,1.2920987128508938,4.599757736684273,4.7800943727810035
12510,지크,2016,16 P,30,29,152.0,705,10,13,0,0,188,16,68,125,5.27,1.68,1.73,4.93,6.16,6.0,6.05,0.1773049645390071,0.0964539007092198,0.9473684210526316,0.0808510638297872,0.17725457612248333,0.0963074444733573,0.9469172565291678,5.262964200363409,4.928651705041629
12515,보우덴,2016,16 P,30,30,180.0,742,18,7,0,0,159,17,54,160,3.8,1.18,4.78,4.18,4.15,4.07,4.4,0.215633423180593,0.0727762803234501,0.85,0.1428571428571428,0.21537907021722436,0.07278329588311203,0.8501565759611196,3.8021741583182407,4.183003927466128
12568,이영하,2019,19 P,29,27,163.1,692,17,4,0,0,148,5,61,90,3.64,1.28,3.99,4.12,3.86,3.61,3.74,0.130057803468208,0.088150289017341,0.275904353157572,0.041907514450867,0.13030859216199392,0.08802066812808522,0.2780356384442947,3.63959268213013,4.118353918098521
12852,최원준,2021,21 P,29,29,158.1,673,12,4,0,0,160,15,37,113,3.3,1.24,4.31,4.01,3.69,3.54,3.75,0.1679049034175334,0.0549777117384844,0.8538899430740038,0.112927191679049,0.16815455062355114,0.055131895094739494,0.853223445457626,3.3013683668921034,4.008395895346702
12852,최원준,2022,22 P,30,30,165.0,713,8,13,0,0,183,21,37,113,3.6,1.33,2.73,4.41,4.36,4.18,4.35,0.1584852734922861,0.0518934081346423,1.1454545454545455,0.1065918653576437,0.15878249620148144,0.05197723619163737,1.1423619689857138,3.5980319040536894,4.404080090365483
12908,손주영,2024,24 P,28,27,144.2,637,9,10,0,1,157,11,54,112,3.79,1.46,3.78,4.62,4.42,4.06,4.26,0.1758241758241758,0.0847723704866562,0.6865464632454924,0.0910518053375196,0.17607628688375374,0.08464682584690968,0.6882865200340399,3.790863829502152,4.617576162509418
12908,손주영,2025,25 P,30,27,153.0,644,11,6,0,0,153,8,49,132,3.41,1.32,3.82,3.49,3.94,3.69,3.85,0.2049689440993788,0.0760869565217391,0.4705882352941176,0.1288819875776397,0.20510851303138616,0.07602821303127812,0.47181754095802436,3.410526341705912,3.489951864884955
12949,팻딘,2017,17 P,30,29,176.0,770,9,7,0,0,211,22,39,143,4.14,1.42,4.36,4.61,4.4,4.33,4.41,0.1857142857142857,0.0506493506493506,1.125,0.135064935064935,0.18566782620633893,0.050704069441241284,1.1240619349938494,4.13875855335034,4.609812424837842
12959,로치,2017,17 P,28,28,165.0,743,4,15,0,0,200,18,60,99,4.69,1.58,2.35,5.38,5.78,5.58,5.44,0.1332436069986541,0.0807537012113055,0.9818181818181818,0.0524899057873486,0.13351015727461224,0.08063069443782778,0.9816804969512732,4.685363035801267,5.375161440941555
12992,브리검,2017,17 P,24,24,144.0,619,10,6,0,0,166,17,26,98,4.38,1.33,3.23,4.75,4.81,4.74,4.72,0.1583198707592892,0.0420032310177706,1.0625,0.1163166397415186,0.1584520851182438,0.042129654092227374,1.0617859482338712,4.376829406503519,4.748805511698607
12992,브리검,2018,18 P,31,30,199.0,829,11,7,0,1,188,19,50,175,3.84,1.2,6.13,4.36,4.03,3.93,4.07,0.2110977080820265,0.060313630880579,0.8592964824120602,0.1507840772014475,0.21103877412947022,0.06036204097217559,0.8605863737445322,3.8435880195987386,4.362182576183378
12992,브리검,2019,19 P,28,28,158.1,669,13,5,0,0,148,5,46,130,2.96,1.23,4.28,3.27,3.52,3.46,3.55,0.1943198804185351,0.0687593423019432,0.2846299810246679,0.1255605381165919,0.19417464061778048,0.06874752683235504,0.28677340206605123,2.9638539229261744,3.273644738906143
13058,후랭코프,2018,18 P,28,28,149.1,621,18,3,0,0,118,12,55,134,3.74,1.16,4.72,4.66,3.86,3.79,3.96,0.215780998389694,0.0885668276972624,0.7243460764587526,0.1272141706924315,0.21567127100249264,0.08844310232419533,0.7269638557555393,3.7454470614240365,4.660909495247672
13061,곽빈,2022,22 P,27,27,147.2,645,8,9,0,0,143,13,60,138,3.78,1.37,2.8,3.99,4.21,3.95,4.13,0.213953488372093,0.0930232558139534,0.7948369565217392,0.1209302325581395,0.21391213044258298,0.0928396229514829,0.7937387776763055,3.776580945161353,3.9862030701799607
13061,곽빈,2024,24 P,30,30,167.2,716,15,9,0,0,142,11,76,154,4.24,1.3,4.39,4.21,4.46,4.12,4.24,0.2150837988826815,0.106145251396648,0.5921052631578948,0.1089385474860335,0.21506802541533435,0.10590980572125451,0.5941688627166622,4.238070321306258,4.210345177148439
13062,윌슨,2018,18 P,26,26,170.0,689,9,4,0,0,158,11,35,149,3.07,1.14,6.28,3.66,3.34,3.25,3.4,0.216255442670537,0.0507982583454281,0.5823529411764706,0.1654571843251088,0.2161563518804799,0.05091052378902148,0.5854811388824939,3.07869943812718,3.666646287933775
13062,윌슨,2019,19 P,30,30,185.0,763,14,7,0,0,171,7,44,137,2.92,1.16,4.09,3.23,3.75,3.61,3.93,0.1795543905635648,0.0576671035386631,0.3405405405405405,0.1218872870249017,0.1795095402278385,0.05771663255775882,0.34207337778875674,2.923511608266421,3.233332677204125
13062,윌슨,2020,20 P,25,25,144.2,628,10,8,0,0,161,13,39,109,4.42,1.38,2.26,4.19,5.04,4.91,5.16,0.1735668789808917,0.0621019108280254,0.8113730929264911,0.1114649681528662,0.1736849059061079,0.06217768796792377,0.8108181705501671,4.41620386634799,4.189240429386482
13063,산체스,2018,18 P,29,26,145.1,632,8,8,0,1,161,26,39,124,4.89,1.38,2.43,5.3,5.57,5.48,5.33,0.1962025316455696,0.0617088607594936,1.6126809097174364,0.1344936708860759,0.19622380738769968,0.061765580735129486,1.60929003934912,4.887724872825105,5.296553834611058
13063,산체스,2019,19 P,28,28,165.0,671,17,5,0,0,151,2,42,148,2.62,1.17,5.74,2.54,2.78,2.68,2.77,0.2205663189269746,0.0625931445603576,0.109090909090909,0.157973174366617,0.22026900512692338,0.06261896598523778,0.11220270041390808,2.6257419225153877,2.5478908310841404
13064,아델만,2018,18 P,31,31,171.0,758,8,12,0,0,202,20,54,137,5.05,1.5,3.5,4.91,5.32,5.24,5.05,0.1807387862796833,0.0712401055408971,1.0526315789473684,0.1094986807387862,0.18084676378718964,0.07123287032961222,1.0530074113308512,5.047137232091557,4.909340204864393
13066,베렛,2018,18 P,29,29,155.0,698,6,10,0,0,178,24,59,144,5.28,1.53,2.54,5.23,5.46,5.35,5.33,0.2063037249283667,0.0845272206303724,1.3935483870967742,0.1217765042979942,0.206258899240177,0.08443406953145909,1.3917774022365796,5.27536925589582,5.227221251517152
13068,샘슨,2018,18 P,30,29,161.2,703,13,8,0,0,144,17,79,195,4.68,1.38,3.07,4.19,5.07,4.99,5.13,0.2773826458036984,0.112375533428165,0.9491315136476428,0.1650071123755334,0.27690131578993193,0.11211425177447655,0.9501681550487451,4.679245400245054,4.193739304788382
13085,신민혁,2021,21 P,30,25,145.0,625,9,6,0,0,155,17,44,107,4.41,1.37,2.8,4.36,4.66,4.52,4.46,0.1712,0.0704,1.0551724137931036,0.1007999999999999,0.17144947790339013,0.0704623855049224,1.0530674669336186,4.403888405291328,4.355854705134659
13091,안우진,2022,22 P,30,30,196.0,766,15,8,0,0,131,4,55,224,2.11,0.95,7.77,2.09,2.34,2.33,2.36,0.2924281984334204,0.0718015665796344,0.1836734693877551,0.2206266318537859,0.2919987367318228,0.07177114677768612,0.18594967944989074,2.1159050562076773,2.096788299495788
13091,안우진,2023,23 P,24,24,150.2,608,9,7,0,0,121,5,38,164,2.39,1.06,5.94,2.33,2.63,2.46,2.5,0.2697368421052631,0.0625,0.2996005326231691,0.2072368421052631,0.26923959691838295,0.0625222993712157,0.30119367232550787,2.3957398169455715,2.3377708018859815
13156,최채흥,2020,20 P,26,26,146.0,617,11,6,0,0,131,12,51,123,3.58,1.25,4.29,4.1,4.13,3.99,3.75,0.1993517017828201,0.0826580226904376,0.7397260273972602,0.1166936790923825,0.19929287652254432,0.08259303445132761,0.7396652949924098,3.5819646353314845,4.0998619751490954
13167,김민,2019,19 P,27,26,150.2,674,6,12,0,0,175,16,65,91,4.96,1.59,1.68,4.98,5.26,5.11,5.06,0.1350148367952522,0.0964391691394658,0.9587217043941412,0.0385756676557863,0.13525423753151689,0.0962436686894063,0.9565188377560104,4.9508277720737714,4.972525647883382
13178,보니야,2018,18 P,29,29,168.0,752,7,10,0,0,193,23,63,151,5.3,1.52,3.08,5.11,5.95,5.63,5.28,0.2007978723404255,0.0837765957446808,1.2321428571428572,0.1170212765957446,0.20078907379149266,0.08369505168228562,1.2314631641947127,5.29560712378549,5.1081450605720455
13924,윌랜드,2019,19 P,28,28,165.0,726,8,10,0,0,191,17,59,137,4.75,1.52,1.86,4.14,5.18,4.99,4.95,0.1887052341597796,0.081267217630854,0.9272727272727272,0.1074380165289256,0.1885998546053139,0.08118054463964686,0.925455712462101,4.742910597214183,4.138252276867273
13925,터너,2019,19 P,28,28,153.1,714,7,13,0,0,179,12,58,121,5.46,1.55,0.06,4.28,6.28,6.16,6.24,0.1694677871148459,0.0812324929971988,0.705421293272371,0.088235294117647,0.16947910730305893,0.08113935223206753,0.7049036227690381,5.447755737427348,4.2772088121996585
13932,루친스키,2019,19 P,30,30,177.1,731,9,9,0,0,164,13,45,119,3.05,1.18,5.31,3.98,3.45,3.31,3.23,0.1627906976744186,0.0615595075239398,0.660643704121965,0.1012311901504788,0.16283798307837175,0.061589378346884945,0.660447210941655,3.0529374460278174,3.9792693877595022
13932,루친스키,2020,20 P,30,30,183.0,770,19,5,0,0,173,14,57,167,3.05,1.26,6.97,3.78,3.3,3.11,3.03,0.2168831168831168,0.074025974025974,0.6885245901639344,0.1428571428571428,0.21674084118550355,0.07402096738203538,0.6887543389341535,3.05445000757461,3.7816288605810713
13932,루친스키,2021,21 P,30,30,178.2,754,15,10,0,0,160,12,55,177,3.17,1.2,4.96,3.22,3.83,3.73,3.64,0.2347480106100795,0.0729442970822281,0.6060606060606061,0.1618037135278514,0.23459664768198174,0.07298092647194038,0.6068518424793989,3.1719403302038716,3.2229843021744435
13932,루친스키,2022,22 P,31,31,193.2,797,10,12,0,0,184,14,34,194,2.97,1.13,4.99,2.8,3.58,3.49,3.49,0.2434127979924717,0.0426599749058971,0.6521739130434783,0.2007528230865746,0.2432295407588272,0.04277917619678241,0.6520704781237305,2.9715617717451726,2.803230149334038
13933,다익손,2019,19 P,29,28,149.1,649,6,10,0,0,164,15,40,117,4.34,1.37,2.29,4.0,4.88,4.69,4.54,0.1802773497688752,0.061633281972265,0.9054325955734408,0.1186440677966101,0.18021695588712702,0.061668233465390944,0.9035686093851351,4.334891133494699,3.998999853164339
13934,켈리,2019,19 P,29,29,180.1,747,14,12,0,0,164,7,41,126,2.55,1.14,4.22,3.5,3.49,3.49,3.82,0.1686746987951807,0.0548862115127175,0.3498056635202665,0.1137884872824631,0.16868871055290183,0.05495243619288178,0.35132881429436086,2.5556496915381244,3.5019319600219068
13934,켈리,2020,20 P,28,28,173.1,705,15,7,0,0,160,16,40,134,3.32,1.15,5.17,4.07,3.48,3.48,3.73,0.1900709219858156,0.0567375886524822,0.8318890814558059,0.1333333333333333,0.19007456050699,0.056831598778207565,0.8313084340257567,3.323152219378106,4.070055774537146
13934,켈리,2021,21 P,30,30,177.0,744,13,8,0,0,160,12,60,142,3.15,1.24,5.22,3.76,3.25,3.21,3.38,0.1908602150537634,0.0806451612903225,0.6101694915254238,0.1102150537634408,0.19095439235062406,0.08063877433767275,0.610942978496114,3.152065770632212,3.7599707132003384
13934,켈리,2022,22 P,27,27,166.1,664,16,4,0,0,144,10,35,153,2.54,1.08,5.47,2.89,2.71,2.71,2.93,0.2304216867469879,0.0527108433734939,0.5418422636965684,0.1777108433734939,0.2302864536917618,0.05278922770755932,0.5423823270594165,2.544388366684096,2.8932154099381817
13934,켈리,2023,23 P,30,30,178.2,746,10,7,0,0,183,10,39,129,3.83,1.24,3.37,3.49,4.38,4.13,4.27,0.1729222520107238,0.0522788203753351,0.5050505050505051,0.1206434316353887,0.17304296137366054,0.052354673302525266,0.5052482324532187,3.8268072562621116,3.4900833998055827
13938,서폴드,2019,19 P,31,31,192.1,810,12,11,0,0,191,8,54,135,3.51,1.27,4.21,3.53,3.93,3.86,3.94,0.1666666666666666,0.0666666666666666,0.3748047891723061,0.0999999999999999,0.16669020660168374,0.06666776886461483,0.376103823245514,3.510327079945905,3.5316565404451956
13938,서폴드,2020,20 P,28,28,165.0,734,10,13,0,0,203,19,42,97,4.91,1.48,1.59,4.93,5.84,5.6,5.75,0.1321525885558583,0.0572207084468664,1.0363636363636364,0.0749318801089918,0.132505310242403,0.05731639545345918,1.0345228817101462,4.903727719239327,4.924877773174199
13939,채드벨,2019,19 P,29,29,177.1,749,11,10,0,0,169,14,63,134,3.5,1.31,4.29,4.14,3.7,3.63,3.73,0.1789052069425901,0.0841121495327102,0.7114624505928854,0.0947930574098798,0.17886201222712622,0.08401539125959263,0.7109806191392968,3.5004107756179357,4.13837101605821
13940,요키시,2019,19 P,30,30,181.1,746,13,9,0,0,166,9,39,141,3.13,1.13,4.67,3.31,3.57,3.55,3.66,0.1890080428954423,0.0522788203753351,0.447266703478741,0.1367292225201072,0.1889103173887044,0.05235899984109641,0.44824628373810405,3.132433603171633,3.3129647334429837
13940,요키시,2020,20 P,27,27,159.2,640,12,7,0,0,144,6,25,115,2.14,1.06,6.02,3.24,2.99,2.84,3.0,0.1796875,0.0390625,0.3391959798994975,0.140625,0.17975626959127516,0.03927499844907159,0.3416404392252451,2.150791519311662,3.2452416376212057
13940,요키시,2021,21 P,31,31,181.1,739,16,9,0,0,171,12,46,131,2.93,1.2,5.43,3.59,3.52,3.45,3.48,0.1772665764546684,0.0622462787550744,0.5963556046383214,0.115020297699594,0.17743328264599342,0.062341072851524675,0.5971875352680301,2.933227386999087,3.590904925588469
13940,요키시,2022,22 P,30,30,185.1,746,10,8,0,0,169,8,33,154,2.57,1.09,5.74,2.86,2.96,2.9,3.06,0.2064343163538874,0.0442359249329758,0.3889789303079417,0.1621983914209115,0.20644178506353178,0.04435184616168536,0.39028525981530615,2.5737791298920603,2.86304833423251
13941,알칸타라,2019,19 P,27,27,172.2,724,11,11,0,0,189,15,27,100,4.01,1.25,3.84,4.02,4.17,3.94,3.99,0.1381215469613259,0.037292817679558,0.7839721254355401,0.1008287292817679,0.138312601702418,0.03746364148678035,0.7830580154082493,4.007477824119828,4.019017771131451
13941,알칸타라,2020,20 P,31,31,198.2,795,20,2,0,0,174,12,30,182,2.54,1.03,8.0,3.03,2.63,2.6,2.84,0.2289308176100629,0.0377358490566037,0.5449041372351161,0.1911949685534591,0.22873891786564632,0.037913403787952424,0.5458373411841579,2.5466706897275513,3.0352696302556077
13941,알칸타라,2023,23 P,31,31,192.0,777,13,9,0,0,171,16,35,162,2.67,1.07,5.36,3.38,3.14,3.14,3.34,0.2084942084942085,0.045045045045045,0.75,0.1634491634491634,0.20842197616962185,0.04515295499262412,0.7489144210135584,2.6730459084050278,3.38064738468995
13942,쿠에바스,2019,19 P,30,30,184.0,760,13,10,0,0,153,18,63,135,3.62,1.17,4.27,4.4,3.91,3.85,3.89,0.1776315789473684,0.0828947368421052,0.8804347826086957,0.0947368421052631,0.1775968797536987,0.08280816800020448,0.8790575582092366,3.6197468061489424,4.397026367351176
13942,쿠에바스,2020,20 P,27,27,158.0,668,10,8,0,0,152,16,46,110,4.1,1.25,3.82,4.54,4.56,4.41,4.38,0.1646706586826347,0.0688622754491018,0.9113924050632912,0.0958083832335329,0.16483439283256957,0.06888895768867517,0.9102565934835489,4.098545920715271,4.537105096521492
13942,쿠에바스,2024,24 P,31,31,173.1,737,7,12,0,0,158,17,59,154,4.1,1.25,4.41,4.32,4.47,4.47,4.35,0.208955223880597,0.0800542740841248,0.8838821490467937,0.1289009497964721,0.2089751864181863,0.07997666934381081,0.8841999006831854,4.098939850911616,4.319701658795908
14113,원태인,2021,21 P,26,26,158.2,655,14,7,0,0,147,11,51,129,3.06,1.25,5.36,3.65,3.35,3.28,3.11,0.1969465648854962,0.0778625954198473,0.6257901390644754,0.1190839694656488,0.19701363278128428,0.07787293265790524,0.6265568478160068,3.062875045053604,3.65065820948279
14113,원태인,2022,22 P,27,27,165.1,700,10,8,0,0,175,16,38,130,3.92,1.29,3.8,3.72,4.08,3.99,3.86,0.1857142857142857,0.0542857142857142,0.872198667474258,0.1314285714285714,0.1858473980412238,0.05435508906783407,0.8707530815871671,3.9161065386689495,3.718237778450754
14113,원태인,2023,23 P,26,26,150.0,634,7,7,0,0,157,15,34,102,3.24,1.27,3.89,4.17,3.66,3.6,3.58,0.1608832807570978,0.0536277602523659,0.9,0.1072555205047318,0.16110626147956064,0.053708845713792704,0.8976190944080582,3.2401182802792743,4.165595663875234
14113,원태인,2024,24 P,28,28,159.2,670,15,6,0,0,150,17,42,119,3.66,1.2,5.22,4.62,3.83,3.79,3.57,0.1776119402985074,0.0626865671641791,0.9610552763819096,0.1149253731343283,0.17782928587513902,0.06271064158135314,0.9609188683454594,3.661594432232912,4.617803113585316
14113,원태인,2025,25 P,27,27,166.2,671,12,4,0,0,157,20,27,108,3.24,1.1,4.91,4.36,3.56,3.51,3.43,0.1609538002980625,0.0402384500745156,1.083032490974729,0.1207153502235469,0.16134559909788576,0.04039874917090455,1.080501802078563,3.241501534824823,4.35475231574332
14581,오원석,2022,22 P,31,24,144.0,633,6,8,0,0,158,16,58,112,4.5,1.5,2.11,4.48,4.94,4.55,4.46,0.1769352290679305,0.0916271721958925,1.0,0.0853080568720379,0.17714825675172896,0.09144911490899547,0.9974626679422653,4.491539972916638,4.472739965521864
14581,오원석,2023,23 P,28,27,144.2,648,8,10,0,0,158,11,69,88,5.23,1.57,1.06,4.9,5.72,5.49,5.31,0.1358024691358024,0.1064814814814814,0.6865464632454924,0.0293209876543209,0.13620708966413014,0.1062017995492936,0.6855405182893719,5.216417770813846,4.890392184884025
14582,킹험,2021,21 P,25,25,144.0,591,10,8,0,0,117,11,41,131,3.19,1.1,4.05,3.39,3.63,3.59,3.62,0.22165820642978,0.0693739424703891,0.6875,0.1522842639593908,0.2215614172398847,0.06944383447899792,0.6879162080848847,3.19226004946575,3.3925157720666226
14583,핀토,2020,20 P,30,30,162.0,766,6,15,0,0,198,19,90,112,6.17,1.78,0.43,5.58,6.72,6.56,6.47,0.1462140992167102,0.1174934725848564,1.0555555555555556,0.0287206266318537,0.14648704577686705,0.1172211491428712,1.0535631801465293,6.155882217139437,5.570795768999491
14596,라이트,2020,20 P,29,29,157.2,696,11,9,0,0,164,12,63,125,4.68,1.44,3.4,4.35,4.97,4.68,4.6,0.1795977011494252,0.0905172413793103,0.6870229007633588,0.0890804597701149,0.17966790776998687,0.09040717507186377,0.6872996103911774,4.674872322337093,4.348291468691006
14600,소형준,2022,22 P,27,27,171.1,703,13,6,0,0,158,8,39,117,3.05,1.15,4.75,3.41,3.57,3.5,3.39,0.166429587482219,0.0554765291607396,0.4208065458796026,0.1109530583214793,0.16667011424419745,0.05553656597907246,0.42203420599435487,3.051297478634006,3.41010049390279
14600,소형준,2025,25 P,26,24,147.1,617,10,7,1,0,155,6,29,123,3.3,1.25,3.72,2.99,3.67,3.59,3.59,0.1993517017828201,0.0470016207455429,0.3670972127804215,0.1523500810372771,0.1995347595670584,0.04713692687819115,0.36907428296783096,3.3012900514700227,2.9933260445123775
14602,데스파이네,2020,20 P,35,34,207.2,906,15,8,0,0,233,18,68,152,4.33,1.45,4.88,4.33,4.55,4.53,4.4,0.1677704194260485,0.075055187637969,0.7818532818532818,0.0927152317880794,0.16788057297598238,0.07504581954912799,0.7816080613058802,4.327784828980443,4.328797840282983
14602,데스파이네,2021,21 P,33,33,188.2,819,13,10,0,0,175,10,78,165,3.39,1.34,5.25,3.61,3.86,3.81,3.68,0.2014652014652014,0.0952380952380952,0.4782146652497343,0.1062271062271062,0.201497752059439,0.09515495669940902,0.47963980006505436,3.3906749850556754,3.6107652587191343
14602,데스파이네,2022,22 P,30,29,163.0,725,8,12,0,0,198,14,48,123,4.53,1.51,2.22,3.98,5.19,4.87,4.7,0.1696551724137931,0.0662068965517241,0.7730061349693251,0.1034482758620689,0.16988791065040842,0.06620446953370031,0.772146871046515,4.5223371711762965,3.9766298475650617
14609,가뇽,2020,20 P,28,28,159.2,702,11,8,0,0,162,7,64,141,4.34,1.42,3.31,3.73,4.85,4.66,4.61,0.2008547008547008,0.0911680911680911,0.3957286432160804,0.1096866096866096,0.20079134060293788,0.09105533623908471,0.39782021450614397,4.337058685354109,3.732182960967023
14610,브룩스,2020,20 P,23,23,151.1,586,11,4,0,0,131,4,24,130,2.5,1.02,6.48,2.72,2.56,2.51,2.56,0.2218430034129692,0.0409556313993174,0.2382528127068167,0.1808873720136518,0.22163827879172865,0.04116699971057283,0.24149111350351254,2.50899935170104,2.7289395815050437
14617,뷰캐넌,2020,20 P,27,27,174.2,728,15,7,0,0,172,16,50,121,3.45,1.27,5.98,4.36,3.66,3.58,3.3,0.1662087912087912,0.0686813186813186,0.8266360505166476,0.0975274725274725,0.1663486062619504,0.06870656658577037,0.8260890317573303,3.452390418913974,4.358400173212997
14617,뷰캐넌,2021,21 P,30,30,177.0,758,16,5,0,0,173,13,59,162,3.1,1.31,5.09,3.39,3.61,3.55,3.55,0.2137203166226912,0.0778364116094986,0.6610169491525424,0.1358839050131925,0.21368606638264775,0.07784580414943776,0.661504776248923,3.102346669508617,3.392049364885732
14617,뷰캐넌,2022,22 P,26,26,160.0,691,11,8,0,0,176,10,39,117,3.04,1.34,4.85,3.61,3.43,3.39,3.22,0.1693198263386396,0.0564399421128798,0.5625,0.1128798842257597,0.16955898420745988,0.05649813418420244,0.562932216469742,3.0414490439311335,3.608865186339566
14617,뷰캐넌,2023,23 P,30,30,188.0,784,12,8,0,0,174,4,43,139,2.54,1.15,5.57,3.05,3.4,3.35,3.25,0.1772959183673469,0.0548469387755102,0.1914893617021276,0.1224489795918367,0.17738722763444553,0.05490527065991393,0.1933358902413586,2.5437982027628068,3.052407117699261
14627,스트레일리,2020,20 P,31,31,194.2,777,15,4,0,0,148,10,51,205,2.5,1.02,8.12,2.9,2.82,2.79,2.65,0.2638352638352638,0.0656370656370656,0.4634397528321318,0.1981981981981982,0.2634606179576358,0.0656753222246896,0.4648094178477677,2.5070123022219684,2.906043598088715
14627,스트레일리,2021,21 P,31,31,165.2,714,10,12,0,0,162,12,67,164,4.07,1.38,3.74,3.54,4.62,4.43,4.24,0.2296918767507002,0.0938375350140056,0.6537530266343826,0.1358543417366946,0.22955909634843943,0.09375131809887122,0.6543191947792316,4.066676938462899,3.5412923402506635
14751,미란다,2021,21 P,28,28,173.2,709,14,5,0,0,135,11,63,225,2.33,1.14,6.73,2.42,2.54,2.5,2.73,0.3173483779971791,0.0888575458392101,0.5715935334872979,0.2284908321579689,0.3167185008209321,0.08880387613702559,0.5726053396803001,2.3368180664324556,2.427662382030196
14756,프랑코,2021,21 P,37,27,150.0,677,9,8,0,1,147,20,75,124,5.4,1.48,1.7,5.25,5.82,5.76,5.37,0.1831610044313146,0.1107828655834564,1.2,0.0723781388478581,0.18332300952710034,0.11057574914726577,1.1970056302801872,5.3875344845863165,5.240097926818942
14759,폰트,2021,21 P,25,25,145.2,604,8,5,0,0,114,12,45,157,3.46,1.09,3.5,3.12,4.08,4.08,3.96,0.2599337748344371,0.0745033112582781,0.7438016528925621,0.1854304635761589,0.2595759772903914,0.07453754499603728,0.7438293445438323,3.46039471390242,3.124341908000412
14759,폰트,2022,22 P,28,28,184.0,729,13,6,0,0,141,18,34,170,2.69,0.95,5.78,3.31,3.08,3.08,3.01,0.233196159122085,0.046639231824417,0.8804347826086957,0.186556927297668,0.23305901363071538,0.04674285146642461,0.8790923613601539,2.6931529517454726,3.3106340270306496
14760,카펜터,2021,21 P,31,30,170.0,746,5,12,0,0,150,16,72,179,3.97,1.31,2.74,3.91,4.76,4.65,4.78,0.2399463806970509,0.0965147453083109,0.8470588235294118,0.1434316353887399,0.239757359604641,0.09641529231655861,0.846478655978411,3.967355012704876,3.909092321343042
14788,이의리,2022,22 P,29,28,154.0,671,10,10,0,0,128,18,74,161,3.86,1.31,2.21,4.23,4.62,4.61,4.68,0.2399403874813711,0.1102831594634873,1.051948051948052,0.1296572280178837,0.2397331865506442,0.10999622853530883,1.0492392700105062,3.8562148133736285,4.22482125806884
14846,송승기,2025,25 P,28,27,144.0,629,11,6,0,0,149,15,49,125,3.5,1.38,3.55,4.1,3.81,3.73,3.82,0.1987281399046105,0.0779014308426073,0.9375,0.1208267090620031,0.19891941176477534,0.07782652758845655,0.9355855262588673,3.4999383215359336,4.095741980636435
14999,스탁,2022,22 P,29,29,165.0,722,9,10,0,0,162,9,83,138,3.6,1.48,2.07,4.09,4.75,4.58,4.74,0.1911357340720221,0.1149584487534626,0.4909090909090909,0.0761772853185595,0.19123626725965276,0.11466236692721177,0.4917595593471594,3.5980319040536894,4.086007801208856
15001,수아레즈,2022,22 P,30,29,173.2,714,6,8,0,0,151,7,50,159,2.49,1.16,5.54,2.94,3.16,3.1,3.09,0.2226890756302521,0.0700280112044818,0.3637413394919169,0.1526610644257703,0.22260374364166688,0.07000379108043668,0.3652817844525171,2.494496533139567,2.9427973306582675
15003,플럿코,2022,22 P,28,28,162.0,644,15,5,0,0,125,13,38,149,2.39,1.01,5.29,3.19,2.94,2.81,2.95,0.2313664596273291,0.0590062111801242,0.7222222222222222,0.1723602484472049,0.23122202885181606,0.05904794525629414,0.7216692444885181,2.3954189943123465,3.191455797550123
15011,반즈,2022,22 P,31,31,186.1,788,12,12,0,0,176,8,47,160,3.62,1.2,4.46,3.21,4.2,3.87,3.75,0.2030456852791878,0.0596446700507614,0.3868887694787749,0.1434010152284264,0.20307122540713818,0.05967761604512304,0.38819928835718054,3.618146959235235,3.2111613842900595
15011,반즈,2023,23 P,30,30,170.1,734,11,10,0,0,171,6,56,147,3.28,1.33,4.85,3.4,3.59,3.46,3.41,0.2002724795640326,0.0762942779291553,0.3174603174603175,0.1239782016348773,0.2002390540250785,0.07623336259893121,0.3187637829083389,3.2798706038700782,3.400613356196145
15011,반즈,2024,24 P,25,25,150.2,624,9,6,0,0,140,18,46,171,3.35,1.23,5.77,3.9,3.52,3.34,3.17,0.2740384615384615,0.0737179487179487,1.078561917443409,0.2003205128205128,0.2736310028092051,0.07367049726343489,1.0776402295564989,3.353739603463707,3.902434251298727
15143,벤자민,2023,23 P,29,29,160.0,684,15,6,0,0,149,12,45,157,3.54,1.21,3.14,3.14,4.44,4.33,4.23,0.22953216374269,0.0657894736842105,0.675,0.1637426900584795,0.22931490415328812,0.06578998418882914,0.6741644922709118,3.5382475796408097,3.14226674065317
15143,벤자민,2024,24 P,28,28,149.2,639,11,8,0,0,141,28,48,156,4.63,1.26,2.71,4.94,5.41,5.21,5.11,0.244131455399061,0.0751173708920187,1.6890080428954426,0.1690140845070422,0.24392039845016505,0.07506028645728795,1.6840159967306432,4.625242530251081,4.935526356833339
15146,페냐,2023,23 P,32,32,177.1,751,11,11,0,0,149,14,59,147,3.6,1.17,3.7,4.06,4.16,4.02,3.98,0.1957390146471371,0.0785619174434087,0.7114624505928854,0.1171770972037283,0.19573235746129686,0.07849066392001962,0.7105024326536596,3.5980789462221807,4.056883465722405
15531,후라도,2023,23 P,30,30,183.2,763,11,8,0,0,164,7,41,147,2.65,1.12,5.88,3.15,3.14,3.08,3.13,0.1926605504587156,0.0537352555701179,0.343886462882096,0.1389252948885976,0.19267082635117094,0.053801142700181395,0.3449537636026969,2.653300001749025,3.1519269557283405
15531,후라도,2024,24 P,30,30,190.1,779,10,8,0,0,185,19,32,169,3.36,1.14,5.8,3.89,3.69,3.64,3.8,0.2169448010269576,0.0410783055198973,0.8995265649658075,0.1758664955070603,0.2169211793662979,0.04121156027277832,0.8997341847668373,3.3629064785123624,3.8919783296513217
15531,후라도,2025,25 P,30,30,197.1,786,15,8,0,0,177,17,36,142,2.6,1.08,7.57,3.79,2.96,2.94,2.67,0.1806615776081425,0.0458015267175572,0.7762557077625571,0.1348600508905852,0.18089277893080968,0.04590873990419623,0.7756683559189085,2.604498014248917,3.788448193802539
15535,페디,2023,23 P,30,30,180.1,708,20,6,0,0,137,9,35,209,2.0,0.95,7.63,2.22,2.3,2.24,2.25,0.2951977401129944,0.0494350282485875,0.4497501388117712,0.2457627118644068,0.2946420009066774,0.049525788252338054,0.45025114994818766,2.006945667157208,2.2270952249870812
15860,코너,2024,24 P,28,28,160.0,663,11,6,0,0,135,21,40,158,3.43,1.09,5.27,4.5,3.77,3.68,3.55,0.2383107088989442,0.0603318250377073,1.18125,0.1779788838612368,0.2381499635124594,0.06037040555794179,1.179746600676662,3.433015081016848,4.498559371406009
15861,레예스,2024,24 P,26,26,144.0,617,11,4,0,0,159,15,30,114,3.81,1.31,4.47,4.31,4.06,3.91,3.73,0.1847649918962723,0.0486223662884927,0.9375,0.1361426256077796,0.1849557898947455,0.04874595885750627,0.9375117428202937,3.8107270899566377,4.309710750319776
16023,엔스,2024,24 P,30,30,167.2,714,13,6,0,0,169,16,50,157,4.19,1.31,3.77,4.1,4.51,4.49,4.63,0.2198879551820728,0.0700280112044818,0.861244019138756,0.149859943977591,0.2198436195488553,0.07000729347315587,0.8617075071875303,4.188367586466781,4.1009991605015905
16065,하트,2024,24 P,26,26,157.0,631,13,3,0,0,124,11,38,182,2.69,1.03,6.15,3.17,2.92,2.92,3.03,0.2884310618066561,0.0602218700475435,0.6305732484076433,0.2282091917591125,0.2879500468691133,0.060261879026960695,0.6325265994236872,2.697755873694383,3.176949739217516
16088,네일,2024,24 P,26,26,149.1,642,12,5,0,0,154,11,35,138,2.53,1.27,4.31,3.74,4.16,4.06,4.05,0.2149532710280373,0.0545171339563862,0.6639839034205232,0.160436137071651,0.21493646510296635,0.05459725490801228,0.6658174730775657,2.5392300336023483,3.7435180466113764
16088,네일,2025,25 P,27,27,164.1,664,8,4,0,0,135,6,41,152,2.25,1.07,6.59,3.13,2.52,2.48,2.51,0.2289156626506024,0.0617469879518072,0.3290676416819013,0.1671686746987951,0.22890080436458124,0.06177905016282441,0.3310714797549107,2.2575169995318616,3.132135597772762
16138,헤이수스,2024,24 P,30,30,171.1,728,13,11,0,0,171,22,44,178,3.68,1.25,4.39,4.18,4.1,3.98,4.27,0.2445054945054945,0.0604395604395604,1.157218001168907,0.184065934065934,0.24431912150822196,0.06047502661245929,1.1559512069084403,3.6813679723632338,4.1805116722624485
16138,헤이수스,2025,25 P,32,30,163.2,712,9,9,0,1,173,17,44,165,3.96,1.33,2.47,3.65,4.67,4.52,4.7,0.2317415730337078,0.0617977528089887,0.9375,0.1699438202247191,0.23170942313477236,0.06182968159206885,0.9358093867694016,3.9571440720018907,3.648980433570542
16146,앤더슨,2025,25 P,30,30,171.2,694,12,7,0,0,121,13,51,245,2.25,1.0,6.54,2.37,2.78,2.68,2.64,0.3530259365994236,0.0734870317002881,0.6834112149532711,0.2795389048991354,0.35229095763908147,0.07344959515725942,0.6832746881970718,2.2572070651725347,2.376461017376789
16153,와이스,2025,25 P,30,30,178.2,725,16,5,0,0,127,13,56,207,2.87,1.02,5.95,3.12,3.17,3.14,3.07,0.2855172413793103,0.0772413793103448,0.6565656565656566,0.2082758620689655,0.2851876951641831,0.07718445453177562,0.6565842706893738,2.873465717760661,3.1220233660283654
16261,올러,2025,25 P,26,26,149.0,620,11,7,0,0,125,8,47,169,3.62,1.15,3.61,2.9,3.87,3.79,3.9,0.2725806451612903,0.0758064516129032,0.4832214765100671,0.1967741935483871,0.27227319125773847,0.07574801166208883,0.4843993420502383,3.619140377484736,2.90388391461522
16286,치리노스,2025,25 P,30,30,177.0,737,13,6,0,0,173,5,36,137,3.31,1.18,5.21,3.13,3.61,3.33,3.45,0.185888738127544,0.0488466757123473,0.2542372881355932,0.1370420624151967,0.18611668094496517,0.048948887977956296,0.25651629948053795,3.311017172037699,3.131980826922938
16298,콜어빈,2025,25 P,28,28,144.2,649,8,12,0,0,142,9,79,128,4.48,1.53,2.57,4.59,4.98,4.51,4.56,0.197226502311248,0.1217257318952234,0.5617198335644938,0.0755007704160246,0.19742785256825393,0.12134911155841573,0.5623960145147091,4.473189095197731,4.5823731900294975
16299,잭로그,2025,25 P,30,29,176.0,722,10,8,0,1,146,8,39,156,2.81,1.05,5.34,3.26,3.38,3.25,3.37,0.2160664819944598,0.0540166204986149,0.4090909090909091,0.1620498614958448,0.2161252168963471,0.054090201507045035,0.4105079169917274,2.8138477775294373,3.2612575547586613
16313,폰세,2025,25 P,29,29,180.2,697,17,1,0,0,128,10,41,252,1.89,0.94,8.38,1.92,2.04,1.92,2.0,0.3615494978479197,0.0588235294117647,0.4994450610432853,0.3027259684361549,0.36080398494383903,0.05886887670524695,0.5003305811674159,1.8988358533262164,1.928623549626286
16349,라일리,2025,25 P,30,30,172.0,709,17,7,0,0,136,18,56,216,3.45,1.12,4.34,3.12,3.98,3.81,3.78,0.304654442877292,0.078984485190409,0.9418604651162792,0.2256699576868829,0.30420246667354184,0.07891544457653814,0.9402306433961606,3.4502373215185576,3.122095879724179
16350,로건,2025,25 P,32,31,173.0,770,7,12,0,0,180,18,67,149,4.53,1.43,2.41,4.39,5.1,4.89,4.86,0.1935064935064935,0.087012987012987,0.9364161849710982,0.1064935064935065,0.19369589618535568,0.08689820236918103,0.9348270190088261,4.524029061050061,4.384784983863695
